city,year,weekofyear,station_avg_temp_c,reanalysis_specific_humidity_g_per_kg,station_precip_mm,reanalysis_dew_point_temp_k,ndvi_ne,ndvi_nw,ndvi_se,ndvi_sw,total_cases
sj,2000,1,27.22,6.25,53.76,299.31,0.171,0.832,0.671,0.69,15
sj,2000,2,29.52,8.43,36.65,301.79,0.433,0.27,0.516,0.148,27
sj,2000,3,25.26,6.68,65.56,296.26,0.684,0.246,0.45,0.133,15
sj,2000,4,34.57,7.01,22.19,304.9,0.452,0.242,0.197,0.457,19
sj,2000,5,28.97,8.15,18.36,300.36,0.391,0.316,0.612,0.205,17
sj,2000,6,27.16,8.26,0.0,297.99,0.444,0.527,0.205,0.186,22
sj,2000,7,19.27,7.1,39.07,291.0,0.519,0.328,0.123,0.428,14
sj,2000,8,20.9,6.14,12.01,292.54,0.32,0.596,0.518,0.688,20
sj,2000,9,27.83,6.71,25.92,298.6,0.642,0.446,0.221,0.476,15
sj,2000,10,28.66,7.38,24.42,299.73,0.371,0.166,0.189,0.821,28
sj,2000,11,24.49,9.06,26.09,296.37,0.437,0.304,0.172,0.777,19
sj,2000,12,27.74,7.79,20.15,297.44,0.669,0.64,0.424,0.57,22
sj,2000,13,21.91,7.72,40.5,294.42,0.347,0.208,0.178,0.541,20
sj,2000,14,28.54,7.23,0.0,298.68,0.687,0.162,0.465,0.468,29
sj,2000,15,17.47,7.82,14.68,288.21,0.429,0.116,0.72,0.772,11
sj,2000,16,19.3,6.92,33.66,292.22,0.676,0.181,0.787,0.273,16
sj,2000,17,29.35,6.42,58.29,300.89,0.486,0.292,0.802,0.223,11
sj,2000,18,20.89,7.71,74.48,292.2,0.77,0.489,0.337,0.679,21
sj,2000,19,27.72,9.34,39.58,297.64,0.281,0.192,0.723,0.215,16
sj,2000,20,21.57,6.43,51.08,292.33,0.476,0.208,0.11,0.272,13
sj,2000,21,17.8,7.44,13.92,287.73,0.25,0.703,0.637,0.654,11
sj,2000,22,27.95,6.92,26.81,300.11,0.597,0.817,0.315,0.794,23
sj,2000,23,26.36,7.77,97.94,299.39,0.8,0.703,0.451,0.689,18
sj,2000,24,21.75,6.86,13.08,292.81,0.751,0.44,0.286,0.277,21
sj,2000,25,37.62,6.09,25.79,309.11,0.718,0.333,0.208,0.791,19
sj,2000,26,25.46,5.85,29.05,296.35,0.231,0.14,0.543,0.611,18
sj,2000,27,26.21,7.5,16.96,297.68,0.236,0.278,0.287,0.528,19
sj,2000,28,21.55,8.93,41.57,293.18,0.174,0.733,0.777,0.835,21
sj,2000,29,25.59,7.2,38.81,298.21,0.447,0.389,0.58,0.3,14
sj,2000,30,27.31,9.57,0.0,299.33,0.346,0.385,0.614,0.323,20
sj,2000,31,27.76,9.59,45.97,299.73,0.5,0.575,0.316,0.651,17
sj,2000,32,25.24,8.91,53.77,298.21,0.163,0.802,0.203,0.819,25
sj,2000,33,28.55,6.66,9.66,299.73,0.543,0.171,0.562,0.228,21
sj,2000,34,16.83,7.87,36.8,288.4,0.469,0.55,0.798,0.19,11
sj,2000,35,27.47,8.52,20.73,299.44,0.35,0.774,0.672,0.303,19
sj,2000,36,25.39,7.96,60.0,295.48,0.387,0.647,0.515,0.802,25
sj,2000,37,26.05,9.09,56.42,298.04,0.189,0.738,0.578,0.191,22
sj,2000,38,26.43,9.07,0.0,296.33,0.444,0.432,0.326,0.789,24
sj,2000,39,16.76,7.57,23.21,288.37,0.18,0.849,0.599,0.588,10
sj,2000,40,28.12,6.65,30.51,299.47,0.249,0.783,0.592,0.127,22
sj,2000,41,20.07,4.7,18.04,291.97,0.796,0.679,0.624,0.728,7
sj,2000,42,31.41,7.61,14.07,301.97,0.651,0.245,0.303,0.632,25
sj,2000,43,23.58,6.86,8.26,294.08,0.688,0.577,0.529,0.209,28
sj,2000,44,20.09,8.78,26.71,292.36,0.211,0.481,0.403,0.456,12
sj,2000,45,26.64,8.79,13.86,298.12,0.576,0.409,0.407,0.263,21
sj,2000,46,24.17,7.15,83.43,296.42,0.529,0.524,0.627,0.586,22
sj,2000,47,24.64,8.78,6.45,295.8,0.37,0.485,0.653,0.765,27
sj,2000,48,25.32,6.56,45.76,295.62,0.471,0.187,0.154,0.731,11
sj,2000,49,27.82,7.13,58.39,297.13,0.111,0.72,0.742,0.379,16
sj,2000,50,19.99,3.94,21.41,293.56,0.679,0.333,0.616,0.629,16
sj,2000,51,25.66,8.45,43.62,297.47,0.224,0.727,0.842,0.517,15
sj,2000,52,24.23,9.25,38.29,295.64,0.452,0.213,0.236,0.78,9
sj,2001,1,28.55,6.85,63.7,297.31,0.163,0.283,0.733,0.578,24
sj,2001,2,25.36,7.74,9.79,297.22,0.354,0.733,0.462,0.676,25
sj,2001,3,24.77,6.6,9.19,294.68,0.474,0.499,0.179,0.399,26
sj,2001,4,22.94,8.58,53.49,293.93,0.796,0.436,0.331,0.549,22
sj,2001,5,20.18,9.1,66.2,291.08,0.777,0.641,0.822,0.687,24
sj,2001,6,33.99,6.09,14.06,305.37,0.827,0.838,0.316,0.65,27
sj,2001,7,19.39,5.96,24.41,290.02,0.839,0.449,0.833,0.409,21
sj,2001,8,23.49,6.74,48.53,295.4,0.128,0.38,0.137,0.182,22
sj,2001,9,27.79,6.53,2.93,299.65,0.137,0.276,0.566,0.744,23
sj,2001,10,23.87,7.01,69.07,293.98,0.74,0.361,0.74,0.324,21
sj,2001,11,24.86,7.27,7.17,296.58,0.356,0.638,0.706,0.849,16
sj,2001,12,25.43,8.24,0.0,296.75,0.786,0.473,0.201,0.374,11
sj,2001,13,27.28,6.46,39.43,299.64,0.415,0.819,0.664,0.506,18
sj,2001,14,19.18,5.56,47.05,289.8,0.657,0.543,0.59,0.325,14
sj,2001,15,27.4,10.36,45.5,298.94,0.688,0.429,0.457,0.846,24
sj,2001,16,24.0,6.98,23.02,295.94,0.176,0.59,0.817,0.485,18
sj,2001,17,16.99,6.51,15.44,285.82,0.149,0.441,0.487,0.334,7
sj,2001,18,25.77,8.76,10.6,296.01,0.327,0.396,0.412,0.101,20
sj,2001,19,28.74,7.08,9.44,299.8,0.342,0.282,0.46,0.612,17
sj,2001,20,29.07,6.13,7.01,300.67,0.213,0.136,0.204,0.789,22
sj,2001,21,30.75,6.28,0.0,302.0,0.74,0.564,0.222,0.68,27
sj,2001,22,24.8,6.28,86.22,297.74,0.371,0.71,0.339,0.699,22
sj,2001,23,28.54,8.39,50.92,300.03,0.36,0.114,0.224,0.644,25
sj,2001,24,31.44,7.81,68.77,302.6,0.208,0.62,0.23,0.48,24
sj,2001,25,27.0,7.55,29.93,297.06,0.305,0.138,0.546,0.321,23
sj,2001,26,25.51,8.69,61.48,297.69,0.29,0.558,0.515,0.397,23
sj,2001,27,30.4,7.34,3.89,301.23,0.486,0.109,0.697,0.49,20
sj,2001,28,27.25,7.02,41.1,298.67,0.821,0.234,0.25,0.744,28
sj,2001,29,17.53,5.27,35.73,288.71,0.488,0.656,0.648,0.687,17
sj,2001,30,24.48,6.6,12.64,295.3,0.253,0.658,0.117,0.834,17
sj,2001,31,25.63,7.66,44.14,299.96,0.536,0.407,0.551,0.802,20
sj,2001,32,26.12,7.83,35.35,297.61,0.613,0.355,0.816,0.283,27
sj,2001,33,29.32,5.89,24.83,299.89,0.295,0.134,0.461,0.819,23
sj,2001,34,18.17,7.49,29.48,289.21,0.758,0.776,0.838,0.837,26
sj,2001,35,27.16,8.99,24.22,295.8,0.734,0.563,0.507,0.224,17
sj,2001,36,30.2,6.69,13.44,301.83,0.378,0.404,0.67,0.679,14
sj,2001,37,21.7,6.6,44.93,293.4,0.284,0.633,0.739,0.756,16
sj,2001,38,31.45,5.24,27.05,301.74,0.766,0.683,0.488,0.468,22
sj,2001,39,25.07,7.59,35.15,296.67,0.462,0.815,0.223,0.516,16
sj,2001,40,29.76,8.54,40.29,301.8,0.556,0.449,0.4,0.499,27
sj,2001,41,19.11,8.04,46.94,289.09,0.138,0.357,0.696,0.567,21
sj,2001,42,32.47,7.66,9.94,303.51,0.102,0.845,0.311,0.147,22
sj,2001,43,24.87,7.37,40.58,296.64,0.339,0.645,0.446,0.595,21
sj,2001,44,27.85,5.66,40.74,299.74,0.735,0.13,0.437,0.769,21
sj,2001,45,29.48,9.28,79.86,301.95,0.402,0.521,0.64,0.482,30
sj,2001,46,25.76,6.62,24.64,297.55,0.194,0.169,0.601,0.592,22
sj,2001,47,21.06,9.23,22.48,290.56,0.285,0.601,0.197,0.306,13
sj,2001,48,27.36,7.88,45.25,299.13,0.626,0.815,0.558,0.291,23
sj,2001,49,30.75,7.74,22.49,302.39,0.4,0.756,0.558,0.433,19
sj,2001,50,28.79,7.62,15.94,299.09,0.785,0.793,0.732,0.834,24
sj,2001,51,26.44,10.43,0.57,299.06,0.584,0.317,0.293,0.539,19
sj,2001,52,24.17,8.86,18.89,295.26,0.352,0.698,0.729,0.204,23
sj,2002,1,25.08,5.59,12.18,296.46,0.417,0.565,0.8,0.836,11
sj,2002,2,27.73,7.57,37.76,298.47,0.184,0.724,0.232,0.418,22
sj,2002,3,29.18,7.72,18.6,301.56,0.171,0.646,0.832,0.339,21
sj,2002,4,28.39,8.12,7.57,300.24,0.724,0.716,0.412,0.341,24
sj,2002,5,21.39,7.21,37.55,292.62,0.172,0.215,0.5,0.151,9
sj,2002,6,23.0,7.22,30.4,293.88,0.717,0.226,0.21,0.746,24
sj,2002,7,23.26,9.16,30.88,295.7,0.293,0.664,0.478,0.663,19
sj,2002,8,17.99,6.85,35.36,289.83,0.164,0.232,0.232,0.717,12
sj,2002,9,28.79,7.63,35.03,301.41,0.755,0.244,0.266,0.592,18
sj,2002,10,22.06,6.47,96.44,295.01,0.12,0.137,0.551,0.465,16
sj,2002,11,25.66,5.58,15.95,296.96,0.303,0.491,0.336,0.523,22
sj,2002,12,25.96,5.85,27.1,297.47,0.229,0.768,0.452,0.457,28
sj,2002,13,33.74,9.85,4.3,303.96,0.261,0.174,0.255,0.417,18
sj,2002,14,23.4,6.69,17.19,293.67,0.368,0.299,0.558,0.254,12
sj,2002,15,18.76,4.8,5.12,291.23,0.666,0.715,0.495,0.848,7
sj,2002,16,28.91,6.81,48.99,300.63,0.228,0.834,0.474,0.47,20
sj,2002,17,26.11,8.18,50.45,298.81,0.75,0.542,0.369,0.407,20
sj,2002,18,24.35,5.33,30.71,293.94,0.438,0.526,0.446,0.594,20
sj,2002,19,29.1,7.45,78.49,299.77,0.642,0.392,0.261,0.522,26
sj,2002,20,22.66,8.29,51.26,294.4,0.139,0.809,0.394,0.793,20
sj,2002,21,23.6,9.44,44.09,294.53,0.658,0.739,0.472,0.449,17
sj,2002,22,34.01,8.49,39.24,304.72,0.681,0.472,0.502,0.824,19
sj,2002,23,26.21,5.0,50.36,298.12,0.523,0.837,0.555,0.419,18
sj,2002,24,21.28,8.47,18.12,292.83,0.328,0.756,0.118,0.49,18
sj,2002,25,22.96,6.83,34.44,292.55,0.13,0.446,0.492,0.261,13
sj,2002,26,18.49,6.21,56.91,289.91,0.707,0.831,0.161,0.589,23
sj,2002,27,22.81,8.01,45.97,293.43,0.845,0.819,0.13,0.629,24
sj,2002,28,28.89,9.8,46.65,299.66,0.787,0.526,0.398,0.434,19
sj,2002,29,27.51,6.15,68.22,299.9,0.631,0.723,0.832,0.732,31
sj,2002,30,27.46,8.17,39.43,298.9,0.829,0.629,0.462,0.442,19
sj,2002,31,26.38,9.0,7.84,297.86,0.435,0.798,0.559,0.126,15
sj,2002,32,33.45,8.22,30.44,305.17,0.833,0.277,0.137,0.215,14
sj,2002,33,28.78,7.81,51.29,299.92,0.251,0.7,0.563,0.748,32
sj,2002,34,22.59,10.18,59.89,294.71,0.384,0.678,0.505,0.237,17
sj,2002,35,22.35,8.49,58.03,294.16,0.227,0.803,0.241,0.18,19
sj,2002,36,25.67,6.97,0.0,295.57,0.458,0.416,0.15,0.545,15
sj,2002,37,27.16,10.29,72.91,298.0,0.457,0.145,0.717,0.586,26
sj,2002,38,25.54,10.26,37.27,298.48,0.597,0.604,0.82,0.378,19
sj,2002,39,26.16,5.96,0.99,295.88,0.659,0.198,0.249,0.57,16
sj,2002,40,20.17,7.03,77.65,291.77,0.497,0.762,0.67,0.631,14
sj,2002,41,20.51,7.89,39.47,291.04,0.195,0.513,0.629,0.152,18
sj,2002,42,21.4,8.35,5.46,291.98,0.281,0.371,0.232,0.451,16
sj,2002,43,25.83,9.9,38.31,297.05,0.429,0.327,0.377,0.277,20
sj,2002,44,18.26,5.98,0.0,289.18,0.781,0.694,0.446,0.161,16
sj,2002,45,27.24,8.68,5.88,300.4,0.269,0.695,0.736,0.846,18
sj,2002,46,25.58,9.14,29.08,294.95,0.518,0.322,0.227,0.246,19
sj,2002,47,23.49,6.63,54.29,295.45,0.299,0.785,0.205,0.608,24
sj,2002,48,23.46,6.1,39.05,295.34,0.424,0.29,0.682,0.679,17
sj,2002,49,20.95,7.54,60.72,289.89,0.129,0.256,0.489,0.707,12
sj,2002,50,19.52,4.69,58.57,289.68,0.408,0.46,0.746,0.582,16
sj,2002,51,26.95,9.39,8.31,298.05,0.173,0.451,0.25,0.239,20
sj,2002,52,26.78,7.24,25.4,298.22,0.306,0.291,0.201,0.808,19
sj,2003,1,18.89,7.89,16.0,290.62,0.579,0.687,0.258,0.788,13
sj,2003,2,30.31,6.04,14.23,301.61,0.196,0.686,0.804,0.646,20
sj,2003,3,25.18,5.73,47.58,293.92,0.188,0.279,0.477,0.479,21
sj,2003,4,23.22,6.89,66.82,294.91,0.608,0.492,0.241,0.696,18
sj,2003,5,33.19,8.93,17.59,304.57,0.757,0.313,0.691,0.387,20
sj,2003,6,19.54,8.69,44.11,289.96,0.118,0.265,0.634,0.523,18
sj,2003,7,28.56,6.85,41.2,299.57,0.809,0.138,0.662,0.293,27
sj,2003,8,26.71,6.0,45.26,297.4,0.284,0.273,0.12,0.819,23
sj,2003,9,16.7,7.78,82.57,287.4,0.58,0.251,0.766,0.709,16
sj,2003,10,25.55,6.28,38.16,296.11,0.349,0.227,0.259,0.168,14
sj,2003,11,33.69,8.85,37.44,303.9,0.535,0.681,0.573,0.762,26
sj,2003,12,20.23,6.88,57.87,290.01,0.227,0.697,0.296,0.215,15
sj,2003,13,20.75,8.31,15.63,291.33,0.674,0.331,0.262,0.617,25
sj,2003,14,23.74,8.82,50.72,296.6,0.558,0.568,0.201,0.62,22
sj,2003,15,21.77,6.24,31.39,291.7,0.267,0.431,0.657,0.278,23
sj,2003,16,26.29,5.95,77.65,298.56,0.796,0.469,0.496,0.551,24
sj,2003,17,26.38,4.58,10.41,298.22,0.451,0.822,0.438,0.236,15
sj,2003,18,25.97,7.83,27.48,295.27,0.124,0.527,0.216,0.806,15
sj,2003,19,27.77,7.13,24.76,299.01,0.273,0.779,0.475,0.667,17
sj,2003,20,25.97,7.7,23.45,297.79,0.843,0.495,0.579,0.745,28
sj,2003,21,28.58,6.44,51.84,300.59,0.839,0.839,0.78,0.699,18
sj,2003,22,27.66,8.19,37.2,299.03,0.406,0.662,0.35,0.348,15
sj,2003,23,20.01,5.93,0.0,291.19,0.515,0.116,0.337,0.233,19
sj,2003,24,28.69,8.07,17.7,299.67,0.737,0.217,0.555,0.434,20
sj,2003,25,30.1,7.85,38.93,301.04,0.778,0.512,0.213,0.252,24
sj,2003,26,21.22,6.22,0.0,293.1,0.458,0.37,0.268,0.134,15
sj,2003,27,26.41,5.09,41.67,296.49,0.682,0.708,0.634,0.177,20
sj,2003,28,17.38,7.18,20.46,286.97,0.41,0.233,0.718,0.794,26
sj,2003,29,26.59,6.94,45.89,296.96,0.513,0.159,0.737,0.56,22
sj,2003,30,30.1,7.12,0.0,300.16,0.647,0.737,0.454,0.482,24
sj,2003,31,28.93,5.44,24.91,299.22,0.651,0.261,0.745,0.384,26
sj,2003,32,22.79,5.97,37.37,292.72,0.84,0.213,0.166,0.606,17
sj,2003,33,34.0,7.57,41.13,303.38,0.734,0.49,0.732,0.435,35
sj,2003,34,23.66,7.7,18.99,294.53,0.215,0.616,0.136,0.315,13
sj,2003,35,29.19,7.22,27.33,300.44,0.561,0.38,0.589,0.182,21
sj,2003,36,23.76,7.54,28.7,294.12,0.116,0.486,0.359,0.416,28
sj,2003,37,29.86,7.61,44.8,301.31,0.574,0.797,0.836,0.132,21
sj,2003,38,27.01,5.81,63.07,298.06,0.439,0.732,0.343,0.46,15
sj,2003,39,32.36,7.69,34.3,302.85,0.418,0.798,0.477,0.828,19
sj,2003,40,20.67,5.73,49.13,289.21,0.392,0.498,0.832,0.24,15
sj,2003,41,26.45,8.38,23.44,298.6,0.606,0.298,0.366,0.362,23
sj,2003,42,20.48,6.31,51.51,292.13,0.775,0.357,0.129,0.471,12
sj,2003,43,27.47,8.2,22.68,296.81,0.633,0.635,0.845,0.356,15
sj,2003,44,24.76,7.29,59.11,295.88,0.796,0.298,0.13,0.181,16
sj,2003,45,26.23,5.96,34.14,297.43,0.354,0.346,0.167,0.119,16
sj,2003,46,30.09,8.43,32.62,300.77,0.336,0.68,0.674,0.733,29
sj,2003,47,26.38,8.44,56.77,296.72,0.171,0.846,0.678,0.17,23
sj,2003,48,24.88,6.89,70.02,294.98,0.173,0.307,0.411,0.132,20
sj,2003,49,27.96,7.19,36.57,299.22,0.77,0.419,0.346,0.477,20
sj,2003,50,25.89,7.73,90.16,296.51,0.41,0.718,0.293,0.827,27
sj,2003,51,27.0,8.52,42.98,299.4,0.298,0.797,0.186,0.523,24
sj,2003,52,22.23,8.62,25.89,293.51,0.294,0.597,0.189,0.803,25
sj,2004,1,27.33,6.53,51.94,297.74,0.217,0.178,0.85,0.442,27
sj,2004,2,28.42,9.0,105.32,297.86,0.811,0.336,0.366,0.439,22
sj,2004,3,27.34,7.56,47.03,299.0,0.129,0.59,0.354,0.592,15
sj,2004,4,34.04,8.16,53.15,304.26,0.377,0.291,0.389,0.248,20
sj,2004,5,25.14,6.52,21.51,296.11,0.384,0.541,0.825,0.491,10
sj,2004,6,29.16,8.68,67.29,302.09,0.522,0.195,0.664,0.481,24
sj,2004,7,26.34,6.55,7.51,297.73,0.517,0.262,0.745,0.586,19
sj,2004,8,20.85,9.4,11.91,290.96,0.766,0.673,0.25,0.319,19
sj,2004,9,27.97,6.76,0.0,298.37,0.104,0.647,0.812,0.667,20
sj,2004,10,30.14,6.08,43.3,301.53,0.549,0.774,0.846,0.159,20
sj,2004,11,27.91,8.45,50.21,298.85,0.472,0.789,0.124,0.15,20
sj,2004,12,26.51,3.82,3.05,299.54,0.53,0.473,0.535,0.383,24
sj,2004,13,27.83,7.94,52.44,301.26,0.526,0.152,0.228,0.152,25
sj,2004,14,30.66,8.61,99.31,301.06,0.167,0.118,0.142,0.74,19
sj,2004,15,27.48,6.91,83.38,298.64,0.842,0.213,0.723,0.139,21
sj,2004,16,27.98,7.94,27.79,299.54,0.375,0.491,0.447,0.345,18
sj,2004,17,16.47,8.12,0.0,289.09,0.2,0.62,0.736,0.278,11
sj,2004,18,24.03,7.6,104.19,296.02,0.661,0.154,0.544,0.667,19
sj,2004,19,29.25,6.34,30.59,299.71,0.193,0.516,0.547,0.694,26
sj,2004,20,26.6,7.89,65.23,299.32,0.611,0.831,0.413,0.503,21
sj,2004,21,30.48,7.03,12.92,302.42,0.193,0.248,0.674,0.173,13
sj,2004,22,26.17,7.4,28.16,298.11,0.54,0.342,0.623,0.818,21
sj,2004,23,30.49,7.45,0.0,302.35,0.252,0.505,0.461,0.529,11
sj,2004,24,23.42,8.21,23.85,295.55,0.581,0.693,0.569,0.503,20
sj,2004,25,27.16,7.07,0.0,297.78,0.168,0.544,0.266,0.651,25
sj,2004,26,23.02,6.74,50.41,291.84,0.642,0.49,0.376,0.138,14
sj,2004,27,34.43,6.81,34.58,307.4,0.179,0.354,0.712,0.388,16
sj,2004,28,22.07,7.83,59.89,293.09,0.763,0.492,0.514,0.259,24
sj,2004,29,24.5,6.95,54.22,296.46,0.308,0.14,0.805,0.803,20
sj,2004,30,29.98,6.77,0.0,299.22,0.275,0.727,0.209,0.27,22
sj,2004,31,24.24,9.09,51.55,295.4,0.784,0.213,0.785,0.777,25
sj,2004,32,17.87,7.75,54.05,288.74,0.819,0.539,0.686,0.383,17
sj,2004,33,31.51,7.5,55.38,301.96,0.34,0.32,0.507,0.474,20
sj,2004,34,28.21,7.8,60.22,299.85,0.563,0.609,0.66,0.487,23
sj,2004,35,23.59,9.55,40.41,295.55,0.112,0.518,0.663,0.72,20
sj,2004,36,25.14,9.64,29.66,294.49,0.158,0.246,0.103,0.434,18
sj,2004,37,30.59,8.15,41.12,301.89,0.589,0.193,0.322,0.785,15
sj,2004,38,28.52,8.08,45.19,299.35,0.443,0.665,0.124,0.208,23
sj,2004,39,28.0,5.49,32.29,298.72,0.47,0.68,0.303,0.471,17
sj,2004,40,22.23,7.74,45.99,291.57,0.316,0.281,0.162,0.472,25
sj,2004,41,27.53,6.52,10.91,299.94,0.717,0.249,0.637,0.67,21
sj,2004,42,29.98,7.6,70.25,301.44,0.598,0.735,0.845,0.415,27
sj,2004,43,22.71,8.99,42.17,291.95,0.179,0.269,0.731,0.397,18
sj,2004,44,22.41,6.31,30.09,294.39,0.531,0.45,0.561,0.435,17
sj,2004,45,23.28,7.49,58.26,293.66,0.659,0.356,0.7,0.74,14
sj,2004,46,25.38,9.12,71.66,295.71,0.291,0.483,0.811,0.386,27
sj,2004,47,30.83,7.1,29.65,302.64,0.617,0.5,0.391,0.709,25
sj,2004,48,25.37,9.47,22.16,296.82,0.829,0.285,0.287,0.205,26
sj,2004,49,25.92,6.8,41.7,296.12,0.484,0.706,0.366,0.408,15
sj,2004,50,24.31,7.64,25.01,295.19,0.102,0.324,0.516,0.351,16
sj,2004,51,25.04,7.94,74.14,296.7,0.17,0.733,0.231,0.674,19
sj,2004,52,20.06,7.67,0.0,290.97,0.269,0.643,0.728,0.161,19
sj,2005,1,27.57,6.47,56.43,297.61,0.154,0.809,0.434,0.607,16
sj,2005,2,25.8,8.35,33.13,295.81,0.586,0.486,0.295,0.201,14
sj,2005,3,26.7,9.05,0.0,298.03,0.615,0.504,0.801,0.389,25
sj,2005,4,21.32,5.94,78.19,292.01,0.57,0.365,0.61,0.678,13
sj,2005,5,30.08,8.89,61.15,300.76,0.134,0.755,0.62,0.13,19
sj,2005,6,21.21,8.27,43.29,293.11,0.141,0.817,0.836,0.654,18
sj,2005,7,23.22,5.31,78.82,295.2,0.447,0.72,0.613,0.582,22
sj,2005,8,36.54,8.17,23.4,308.15,0.429,0.284,0.257,0.541,20
sj,2005,9,26.38,7.51,33.59,296.95,0.711,0.341,0.669,0.805,23
sj,2005,10,28.7,8.17,28.56,300.43,0.178,0.411,0.193,0.408,22
sj,2005,11,26.43,9.57,0.0,297.86,0.287,0.189,0.263,0.306,19
sj,2005,12,26.03,6.86,0.0,297.96,0.347,0.511,0.266,0.118,28
sj,2005,13,26.04,7.36,81.05,299.11,0.558,0.84,0.166,0.831,17
sj,2005,14,27.97,7.37,48.86,299.35,0.848,0.384,0.587,0.826,22
sj,2005,15,23.73,6.76,54.65,295.86,0.216,0.283,0.741,0.126,22
sj,2005,16,20.13,8.26,15.41,294.33,0.623,0.546,0.256,0.522,23
sj,2005,17,18.63,6.69,8.16,287.88,0.108,0.84,0.267,0.711,12
sj,2005,18,27.22,8.57,53.81,299.51,0.756,0.215,0.683,0.211,29
sj,2005,19,22.73,8.01,32.65,293.22,0.827,0.176,0.544,0.293,19
sj,2005,20,23.76,5.81,60.53,294.37,0.588,0.196,0.798,0.479,24
sj,2005,21,24.06,9.77,34.97,292.98,0.309,0.175,0.555,0.15,16
sj,2005,22,23.11,7.77,3.18,293.62,0.716,0.332,0.512,0.522,18
sj,2005,23,23.02,8.54,64.45,295.22,0.546,0.284,0.659,0.163,24
sj,2005,24,32.57,9.02,35.61,303.43,0.767,0.672,0.624,0.309,15
sj,2005,25,24.82,4.48,0.0,294.95,0.336,0.206,0.3,0.745,20
sj,2005,26,27.22,6.62,35.71,296.77,0.839,0.63,0.563,0.104,16
sj,2005,27,25.88,6.8,37.98,297.35,0.662,0.832,0.446,0.582,28
sj,2005,28,25.64,9.35,30.11,297.05,0.561,0.472,0.563,0.214,16
sj,2005,29,31.53,8.27,75.69,302.63,0.38,0.435,0.407,0.236,27
sj,2005,30,24.66,9.0,52.19,297.78,0.752,0.78,0.353,0.558,22
sj,2005,31,28.96,10.33,26.17,299.69,0.671,0.337,0.254,0.44,22
sj,2005,32,17.82,6.03,72.53,289.37,0.163,0.393,0.293,0.227,27
sj,2005,33,22.64,7.83,32.5,294.36,0.349,0.585,0.24,0.803,16
sj,2005,34,22.66,7.41,66.49,293.69,0.22,0.605,0.303,0.305,14
sj,2005,35,29.56,9.21,59.9,299.77,0.506,0.197,0.617,0.808,21
sj,2005,36,23.31,7.12,64.46,294.66,0.732,0.143,0.683,0.382,17
sj,2005,37,34.31,6.49,56.48,305.66,0.651,0.634,0.744,0.238,22
sj,2005,38,24.13,6.17,40.74,294.76,0.787,0.334,0.837,0.823,14
sj,2005,39,30.95,6.7,58.43,301.32,0.157,0.553,0.84,0.604,25
sj,2005,40,29.12,8.76,33.23,300.32,0.803,0.293,0.469,0.23,12
sj,2005,41,32.46,8.44,42.18,304.36,0.246,0.12,0.515,0.625,25
sj,2005,42,28.75,8.16,41.07,300.46,0.671,0.792,0.788,0.587,30
sj,2005,43,26.21,6.75,21.84,296.23,0.364,0.626,0.693,0.543,18
sj,2005,44,27.02,7.02,44.31,299.01,0.67,0.622,0.204,0.706,23
sj,2005,45,25.46,6.77,15.59,299.29,0.489,0.175,0.223,0.199,30
sj,2005,46,28.71,6.73,43.51,298.98,0.789,0.325,0.186,0.517,19
sj,2005,47,26.16,8.43,0.0,298.17,0.303,0.467,0.128,0.703,13
sj,2005,48,28.26,8.33,0.8,298.43,0.154,0.458,0.354,0.271,16
sj,2005,49,21.28,7.36,61.46,291.13,0.581,0.632,0.628,0.715,19
sj,2005,50,30.42,8.01,26.43,302.05,0.307,0.171,0.243,0.579,24
sj,2005,51,21.9,8.72,46.66,291.73,0.534,0.469,0.465,0.825,22
sj,2005,52,18.62,7.81,20.2,288.86,0.292,0.85,0.639,0.136,9
sj,2006,1,32.04,6.21,56.74,302.7,0.51,0.562,0.319,0.148,26
sj,2006,2,22.59,7.81,41.46,294.22,0.631,0.701,0.553,0.735,18
sj,2006,3,25.82,5.81,59.15,296.6,0.12,0.282,0.375,0.364,21
sj,2006,4,21.63,7.9,75.3,292.29,0.218,0.178,0.477,0.604,24
sj,2006,5,24.7,7.29,25.57,293.93,0.129,0.347,0.472,0.367,20
sj,2006,6,29.07,6.83,67.61,299.48,0.539,0.547,0.336,0.348,25
sj,2006,7,27.11,6.91,48.85,297.68,0.741,0.222,0.48,0.418,20
sj,2006,8,29.9,11.21,47.9,301.54,0.252,0.614,0.512,0.808,22
sj,2006,9,26.55,8.8,56.58,297.54,0.655,0.795,0.156,0.183,24
sj,2006,10,29.12,8.59,42.1,300.85,0.758,0.709,0.487,0.289,22
sj,2006,11,24.41,7.57,27.97,295.31,0.325,0.274,0.565,0.69,25
sj,2006,12,25.07,7.81,39.44,296.76,0.165,0.759,0.793,0.716,21
sj,2006,13,15.18,6.75,21.89,285.32,0.342,0.105,0.547,0.298,11
sj,2006,14,20.87,7.54,27.92,292.33,0.667,0.346,0.716,0.619,19
sj,2006,15,23.57,8.25,28.02,293.75,0.777,0.115,0.694,0.438,23
sj,2006,16,27.7,7.47,22.48,297.31,0.326,0.333,0.825,0.429,20
sj,2006,17,28.4,6.42,28.49,297.7,0.782,0.799,0.523,0.432,22
sj,2006,18,32.68,8.09,33.99,301.64,0.558,0.197,0.712,0.638,27
sj,2006,19,29.78,7.66,65.71,300.94,0.584,0.639,0.525,0.472,27
sj,2006,20,28.1,9.75,54.81,297.65,0.828,0.789,0.667,0.557,17
sj,2006,21,26.4,7.16,83.13,299.53,0.386,0.479,0.424,0.181,16
sj,2006,22,29.91,6.85,34.06,299.48,0.223,0.629,0.696,0.271,23
sj,2006,23,22.23,7.23,54.31,293.48,0.269,0.348,0.453,0.46,20
sj,2006,24,24.79,8.81,48.76,294.63,0.794,0.567,0.486,0.633,20
sj,2006,25,29.56,8.67,67.75,301.58,0.462,0.728,0.33,0.671,16
sj,2006,26,22.18,7.16,41.04,294.77,0.293,0.659,0.155,0.674,23
sj,2006,27,31.29,8.26,5.24,302.6,0.463,0.685,0.319,0.703,19
sj,2006,28,20.42,6.75,61.89,291.93,0.429,0.315,0.198,0.476,15
sj,2006,29,32.27,7.96,1.91,301.88,0.768,0.552,0.621,0.374,17
sj,2006,30,20.66,8.63,26.63,292.67,0.727,0.601,0.52,0.764,20
sj,2006,31,23.4,9.43,61.22,293.79,0.412,0.542,0.146,0.717,16
sj,2006,32,24.99,7.25,45.24,296.72,0.232,0.139,0.667,0.363,18
sj,2006,33,32.71,8.36,5.24,304.35,0.252,0.338,0.162,0.219,21
sj,2006,34,23.57,5.22,43.49,294.9,0.61,0.28,0.415,0.258,13
sj,2006,35,27.24,9.94,9.41,298.59,0.359,0.693,0.759,0.342,21
sj,2006,36,24.49,10.49,24.31,295.07,0.465,0.238,0.171,0.361,30
sj,2006,37,26.28,8.47,0.0,298.9,0.507,0.664,0.418,0.325,10
sj,2006,38,18.59,8.53,64.79,289.04,0.215,0.348,0.603,0.429,18
sj,2006,39,25.31,5.95,28.41,297.8,0.7,0.821,0.287,0.632,27
sj,2006,40,31.69,7.03,69.19,302.89,0.644,0.697,0.431,0.258,23
sj,2006,41,22.37,7.51,35.37,293.92,0.25,0.164,0.484,0.438,22
sj,2006,42,19.06,7.66,47.2,290.74,0.224,0.841,0.345,0.166,14
sj,2006,43,23.25,7.6,19.17,294.96,0.573,0.805,0.821,0.611,23
sj,2006,44,36.51,9.12,52.96,307.57,0.821,0.164,0.727,0.8,21
sj,2006,45,21.75,6.03,33.74,292.01,0.624,0.266,0.344,0.117,13
sj,2006,46,25.43,7.17,46.76,297.25,0.305,0.112,0.255,0.334,15
sj,2006,47,27.82,7.84,36.16,299.67,0.699,0.526,0.203,0.523,12
sj,2006,48,27.13,7.8,16.61,298.98,0.731,0.676,0.571,0.504,21
sj,2006,49,19.65,6.59,0.0,291.43,0.566,0.41,0.453,0.318,16
sj,2006,50,24.87,6.74,30.55,296.78,0.582,0.589,0.556,0.819,20
sj,2006,51,27.59,5.36,23.9,299.5,0.308,0.375,0.393,0.553,16
sj,2006,52,29.71,8.4,24.01,299.52,0.121,0.607,0.358,0.812,19
sj,2007,1,25.72,5.24,44.38,295.01,0.253,0.184,0.19,0.849,19
sj,2007,2,33.12,6.91,23.08,305.82,0.786,0.635,0.448,0.831,19
sj,2007,3,23.01,7.24,42.53,295.14,0.565,0.333,0.4,0.2,15
sj,2007,4,24.78,6.87,28.86,297.08,0.71,0.761,0.51,0.715,20
sj,2007,5,30.93,7.42,29.73,301.75,0.489,0.509,0.595,0.423,18
sj,2007,6,34.57,7.29,15.63,307.15,0.502,0.721,0.204,0.782,24
sj,2007,7,25.65,7.86,81.26,296.88,0.357,0.587,0.473,0.17,13
sj,2007,8,23.03,5.88,26.29,294.27,0.257,0.168,0.757,0.321,18
sj,2007,9,28.86,6.08,76.07,298.29,0.842,0.81,0.18,0.397,19
sj,2007,10,21.89,6.91,4.7,291.77,0.473,0.219,0.424,0.208,28
sj,2007,11,24.05,9.19,43.09,296.43,0.141,0.205,0.47,0.589,12
sj,2007,12,21.14,5.8,0.0,291.23,0.265,0.45,0.843,0.847,10
sj,2007,13,19.91,7.22,0.0,293.51,0.355,0.235,0.637,0.368,22
sj,2007,14,24.1,5.92,0.0,295.0,0.221,0.559,0.298,0.229,26
sj,2007,15,21.59,8.3,35.31,293.63,0.166,0.641,0.266,0.245,16
sj,2007,16,27.41,8.82,44.91,298.76,0.46,0.779,0.483,0.366,23
sj,2007,17,22.65,8.34,65.93,293.75,0.716,0.432,0.665,0.201,27
sj,2007,18,25.74,7.01,35.65,294.88,0.812,0.602,0.51,0.436,19
sj,2007,19,22.02,6.25,19.55,292.14,0.189,0.692,0.311,0.621,25
sj,2007,20,27.25,7.2,53.61,299.18,0.122,0.405,0.587,0.53,16
sj,2007,21,21.5,8.03,64.92,291.75,0.505,0.792,0.504,0.563,11
sj,2007,22,30.05,7.21,18.76,299.94,0.264,0.342,0.543,0.566,18
sj,2007,23,22.65,8.9,44.04,294.05,0.634,0.646,0.786,0.489,17
sj,2007,24,24.72,7.51,39.88,296.23,0.542,0.749,0.338,0.463,26
sj,2007,25,21.1,6.95,49.68,292.85,0.699,0.781,0.648,0.57,17
sj,2007,26,26.37,7.32,34.22,296.08,0.632,0.697,0.393,0.497,20
sj,2007,27,27.6,6.85,49.3,299.12,0.287,0.503,0.429,0.455,22
sj,2007,28,26.98,8.78,18.7,297.5,0.493,0.31,0.745,0.397,22
sj,2007,29,25.12,7.31,30.99,297.69,0.822,0.63,0.847,0.321,24
sj,2007,30,30.43,8.53,36.95,301.21,0.644,0.196,0.625,0.463,30
sj,2007,31,35.11,7.57,15.87,305.07,0.161,0.643,0.514,0.727,20
sj,2007,32,28.26,7.71,15.55,301.26,0.254,0.705,0.179,0.561,24
sj,2007,33,28.24,8.17,18.93,299.93,0.624,0.368,0.437,0.185,22
sj,2007,34,23.42,8.38,10.0,294.92,0.236,0.111,0.351,0.215,15
sj,2007,35,30.07,6.58,43.74,301.15,0.832,0.125,0.649,0.68,13
sj,2007,36,25.42,11.64,42.13,296.18,0.721,0.457,0.482,0.639,17
sj,2007,37,24.42,9.25,44.4,294.73,0.212,0.24,0.498,0.735,12
sj,2007,38,20.67,5.91,48.33,290.48,0.766,0.312,0.713,0.614,18
sj,2007,39,30.25,8.23,36.84,300.65,0.747,0.259,0.132,0.404,28
sj,2007,40,30.82,7.6,0.0,304.32,0.197,0.772,0.217,0.782,23
sj,2007,41,28.31,6.3,66.94,298.61,0.402,0.434,0.542,0.5,24
sj,2007,42,28.16,10.04,69.74,299.06,0.194,0.515,0.358,0.805,24
sj,2007,43,28.22,7.34,32.0,300.75,0.801,0.691,0.74,0.398,26
sj,2007,44,39.08,6.07,17.77,310.65,0.144,0.656,0.73,0.79,15
sj,2007,45,30.92,8.22,40.11,302.29,0.483,0.709,0.196,0.193,23
sj,2007,46,21.81,6.6,40.55,292.93,0.49,0.724,0.237,0.151,21
sj,2007,47,27.93,5.3,15.24,300.06,0.465,0.656,0.282,0.506,24
sj,2007,48,29.47,6.69,23.06,299.82,0.313,0.189,0.484,0.224,22
sj,2007,49,33.38,7.97,25.33,305.29,0.491,0.34,0.269,0.454,20
sj,2007,50,32.77,6.64,18.0,303.79,0.489,0.59,0.37,0.429,17
sj,2007,51,27.8,7.19,18.51,300.63,0.115,0.305,0.451,0.547,28
sj,2007,52,26.0,7.81,87.29,297.49,0.657,0.213,0.293,0.681,22
sj,2008,1,25.89,7.44,50.33,296.49,0.56,0.271,0.544,0.384,16
sj,2008,2,22.27,6.97,61.13,293.89,0.724,0.379,0.532,0.526,24
sj,2008,3,28.31,6.47,38.79,298.99,0.758,0.784,0.182,0.444,19
sj,2008,4,23.76,7.93,12.66,292.65,0.59,0.595,0.496,0.351,14
sj,2008,5,21.89,6.6,56.1,292.68,0.345,0.827,0.231,0.213,14
sj,2008,6,17.25,8.66,46.21,288.23,0.586,0.13,0.472,0.591,18
sj,2008,7,29.5,4.86,0.0,300.52,0.693,0.281,0.748,0.31,24
sj,2008,8,28.89,7.04,27.92,300.65,0.847,0.18,0.304,0.368,21
sj,2008,9,21.35,7.8,36.65,292.04,0.564,0.445,0.198,0.398,17
sj,2008,10,25.67,9.02,21.67,297.07,0.758,0.192,0.186,0.325,19
sj,2008,11,25.34,6.46,65.9,296.8,0.68,0.738,0.65,0.518,24
sj,2008,12,21.98,8.37,39.27,291.74,0.59,0.461,0.477,0.168,13
sj,2008,13,29.39,6.99,55.45,299.14,0.367,0.306,0.835,0.289,25
sj,2008,14,21.69,8.01,35.48,294.24,0.288,0.66,0.677,0.643,15
sj,2008,15,26.85,7.96,33.67,299.08,0.515,0.532,0.328,0.757,15
sj,2008,16,22.73,7.86,16.24,295.67,0.467,0.156,0.608,0.693,21
sj,2008,17,25.83,8.02,40.73,297.04,0.277,0.473,0.647,0.252,19
sj,2008,18,22.12,7.89,0.67,292.79,0.84,0.589,0.625,0.341,23
sj,2008,19,29.19,6.66,75.04,301.09,0.606,0.45,0.342,0.315,16
sj,2008,20,23.01,7.61,58.87,294.96,0.579,0.775,0.182,0.567,25
sj,2008,21,27.27,7.33,36.87,299.46,0.344,0.303,0.586,0.14,18
sj,2008,22,27.16,9.65,0.0,298.3,0.455,0.129,0.305,0.846,28
sj,2008,23,27.09,5.28,10.83,298.8,0.195,0.193,0.413,0.753,26
sj,2008,24,29.98,6.69,17.79,301.49,0.441,0.162,0.534,0.406,26
sj,2008,25,28.58,6.62,42.96,299.5,0.595,0.207,0.184,0.199,31
sj,2008,26,25.59,9.47,42.78,297.18,0.742,0.646,0.454,0.283,19
sj,2008,27,26.59,9.05,27.62,298.21,0.833,0.433,0.357,0.38,15
sj,2008,28,32.18,7.79,27.68,304.09,0.559,0.776,0.525,0.245,20
sj,2008,29,26.18,7.44,48.93,297.21,0.3,0.559,0.153,0.352,25
sj,2008,30,33.96,6.99,18.35,304.56,0.357,0.278,0.782,0.659,26
sj,2008,31,25.83,7.58,56.15,298.82,0.684,0.314,0.154,0.127,20
sj,2008,32,19.74,6.42,5.56,291.2,0.373,0.462,0.793,0.509,17
sj,2008,33,22.66,7.43,15.87,293.98,0.594,0.527,0.261,0.632,20
sj,2008,34,25.66,6.46,36.76,296.19,0.423,0.161,0.307,0.592,27
sj,2008,35,29.18,9.72,15.32,297.77,0.613,0.468,0.113,0.306,32
sj,2008,36,29.2,6.37,7.62,301.96,0.669,0.428,0.257,0.135,20
sj,2008,37,20.0,7.27,20.18,292.26,0.534,0.488,0.611,0.481,26
sj,2008,38,25.62,8.79,35.2,297.57,0.514,0.636,0.306,0.599,23
sj,2008,39,24.61,6.53,48.79,296.18,0.782,0.545,0.325,0.612,23
sj,2008,40,24.57,7.84,38.87,292.97,0.217,0.759,0.419,0.306,19
sj,2008,41,21.77,7.89,26.83,292.76,0.682,0.251,0.649,0.704,13
sj,2008,42,29.6,8.48,33.81,300.48,0.309,0.479,0.765,0.304,26
sj,2008,43,21.08,6.24,0.0,293.1,0.577,0.425,0.283,0.622,18
sj,2008,44,29.42,6.32,21.34,300.75,0.373,0.212,0.548,0.552,19
sj,2008,45,30.24,5.7,75.02,301.59,0.85,0.269,0.31,0.432,19
sj,2008,46,22.6,5.93,33.21,293.78,0.694,0.474,0.316,0.235,24
sj,2008,47,20.72,7.51,84.53,292.45,0.263,0.19,0.449,0.391,28
sj,2008,48,27.4,8.52,23.81,298.12,0.392,0.221,0.307,0.76,20
sj,2008,49,20.69,9.87,19.88,291.27,0.668,0.572,0.691,0.288,20
sj,2008,50,16.57,9.76,31.32,288.3,0.744,0.14,0.546,0.838,17
sj,2008,51,23.4,6.96,28.86,295.83,0.271,0.656,0.278,0.835,15
sj,2008,52,23.06,5.08,9.55,295.41,0.219,0.219,0.465,0.283,14
sj,2009,1,29.47,8.58,50.77,299.89,0.57,0.153,0.338,0.755,23
sj,2009,2,30.85,5.74,18.91,301.47,0.783,0.268,0.333,0.22,19
sj,2009,3,26.35,6.42,26.69,299.65,0.105,0.741,0.628,0.367,21
sj,2009,4,24.22,8.62,49.46,295.9,0.264,0.597,0.675,0.225,24
sj,2009,5,32.37,7.29,64.48,304.08,0.253,0.645,0.248,0.318,23
sj,2009,6,31.02,7.87,23.86,300.09,0.759,0.572,0.576,0.557,21
sj,2009,7,22.15,6.88,32.63,292.53,0.135,0.494,0.561,0.249,25
sj,2009,8,25.79,7.84,59.32,296.61,0.337,0.398,0.284,0.849,17
sj,2009,9,27.29,9.29,61.42,299.13,0.519,0.19,0.713,0.306,22
sj,2009,10,19.32,8.34,11.16,290.84,0.327,0.209,0.791,0.485,19
sj,2009,11,27.42,7.47,56.11,299.7,0.44,0.479,0.838,0.267,21
sj,2009,12,17.5,8.23,12.4,287.99,0.413,0.139,0.8,0.41,20
sj,2009,13,21.56,7.1,43.49,292.53,0.358,0.373,0.846,0.517,21
sj,2009,14,28.25,8.85,17.19,299.98,0.117,0.561,0.719,0.438,16
sj,2009,15,27.1,6.91,55.68,296.69,0.665,0.802,0.188,0.795,22
sj,2009,16,29.12,7.56,12.68,300.01,0.424,0.516,0.514,0.131,20
sj,2009,17,27.7,6.52,42.55,299.63,0.265,0.458,0.756,0.475,11
sj,2009,18,22.26,6.89,5.24,294.3,0.339,0.797,0.348,0.726,24
sj,2009,19,25.52,7.3,55.62,294.78,0.455,0.263,0.147,0.103,18
sj,2009,20,28.85,6.57,0.0,298.88,0.194,0.411,0.587,0.65,19
sj,2009,21,29.62,6.24,34.93,301.78,0.135,0.231,0.136,0.244,22
sj,2009,22,26.29,7.54,8.79,298.24,0.75,0.117,0.498,0.771,21
sj,2009,23,23.29,8.96,23.05,294.39,0.831,0.432,0.358,0.665,20
sj,2009,24,29.39,6.68,10.4,299.9,0.115,0.139,0.797,0.155,13
sj,2009,25,20.26,9.94,42.62,291.88,0.437,0.381,0.128,0.32,12
sj,2009,26,22.21,6.27,13.06,294.97,0.432,0.203,0.103,0.245,14
sj,2009,27,24.96,8.23,30.3,295.87,0.57,0.238,0.181,0.428,21
sj,2009,28,23.17,8.28,39.28,292.9,0.59,0.482,0.251,0.177,24
sj,2009,29,27.05,7.6,11.59,298.22,0.757,0.552,0.417,0.42,16
sj,2009,30,23.67,8.06,30.45,291.96,0.137,0.346,0.752,0.788,25
sj,2009,31,26.19,9.13,51.54,296.46,0.649,0.818,0.327,0.84,19
sj,2009,32,32.47,7.71,12.37,302.92,0.556,0.349,0.436,0.747,25
sj,2009,33,24.27,6.35,86.49,295.23,0.169,0.516,0.56,0.644,18
sj,2009,34,25.76,11.1,8.07,297.14,0.419,0.288,0.36,0.579,18
sj,2009,35,28.05,7.89,49.26,300.61,0.165,0.576,0.748,0.131,16
sj,2009,36,24.09,6.38,5.3,293.59,0.674,0.657,0.285,0.221,17
sj,2009,37,28.96,6.84,24.07,300.65,0.355,0.132,0.752,0.537,18
sj,2009,38,18.09,9.12,44.8,290.25,0.785,0.665,0.593,0.588,19
sj,2009,39,34.18,6.75,29.03,304.45,0.207,0.775,0.763,0.814,22
sj,2009,40,29.29,8.77,38.51,303.68,0.548,0.588,0.611,0.292,25
sj,2009,41,31.91,8.44,3.61,303.55,0.242,0.278,0.684,0.164,17
sj,2009,42,28.13,6.32,32.38,297.77,0.448,0.425,0.409,0.334,18
sj,2009,43,28.36,6.71,0.0,299.63,0.21,0.515,0.647,0.366,15
sj,2009,44,29.63,7.86,44.48,299.84,0.242,0.645,0.451,0.123,34
sj,2009,45,35.71,7.62,71.55,306.12,0.105,0.799,0.584,0.813,26
sj,2009,46,33.22,7.66,27.22,305.72,0.169,0.722,0.253,0.808,17
sj,2009,47,30.29,8.41,68.25,299.51,0.303,0.72,0.364,0.503,22
sj,2009,48,32.51,9.93,14.64,304.19,0.498,0.234,0.584,0.244,16
sj,2009,49,29.57,7.88,63.29,300.91,0.206,0.489,0.172,0.574,18
sj,2009,50,25.88,6.82,42.4,298.02,0.849,0.119,0.1,0.363,18
sj,2009,51,24.28,7.34,22.46,295.57,0.659,0.334,0.597,0.278,17
sj,2009,52,26.02,9.64,53.76,297.48,0.291,0.228,0.48,0.185,19
sj,2010,1,25.0,8.69,65.63,295.48,0.503,0.451,0.345,0.183,16
sj,2010,2,32.42,5.79,0.0,302.74,0.311,0.786,0.33,0.249,20
sj,2010,3,24.75,8.38,1.91,295.91,0.323,0.555,0.377,0.101,30
sj,2010,4,29.11,9.04,21.62,301.19,0.829,0.566,0.603,0.441,18
sj,2010,5,29.77,6.06,30.54,300.88,0.327,0.35,0.603,0.212,30
sj,2010,6,19.97,7.88,7.84,292.14,0.597,0.217,0.246,0.759,12
sj,2010,7,25.98,5.9,53.19,297.07,0.837,0.608,0.738,0.664,23
sj,2010,8,25.2,6.46,78.94,295.32,0.526,0.321,0.467,0.56,20
sj,2010,9,28.23,7.31,8.42,299.24,0.786,0.41,0.531,0.456,21
sj,2010,10,24.81,6.93,46.84,295.57,0.143,0.548,0.422,0.632,17
sj,2010,11,26.07,9.2,55.19,298.01,0.554,0.152,0.432,0.334,23
sj,2010,12,25.17,6.85,54.59,296.67,0.144,0.328,0.416,0.235,19
sj,2010,13,21.64,6.61,36.85,291.84,0.136,0.522,0.394,0.698,22
sj,2010,14,19.84,6.76,24.82,290.58,0.763,0.434,0.543,0.37,15
sj,2010,15,22.78,8.52,30.99,292.52,0.414,0.112,0.496,0.198,15
sj,2010,16,25.83,7.7,43.93,295.82,0.561,0.752,0.371,0.512,21
sj,2010,17,28.41,6.06,33.37,301.23,0.751,0.38,0.23,0.538,20
sj,2010,18,28.24,6.74,30.68,299.56,0.509,0.179,0.501,0.742,24
sj,2010,19,35.96,8.04,1.9,306.33,0.718,0.173,0.147,0.669,24
sj,2010,20,24.63,5.62,50.53,296.9,0.679,0.513,0.837,0.615,13
sj,2010,21,27.96,9.3,8.63,298.56,0.673,0.148,0.151,0.767,23
sj,2010,22,27.57,8.05,43.01,298.53,0.611,0.772,0.217,0.814,23
sj,2010,23,27.51,7.39,3.47,298.45,0.691,0.773,0.61,0.151,24
sj,2010,24,27.89,10.54,39.74,299.7,0.28,0.14,0.16,0.783,21
sj,2010,25,33.67,5.1,72.98,302.05,0.701,0.757,0.282,0.495,19
sj,2010,26,28.34,7.01,0.0,300.18,0.847,0.846,0.449,0.75,17
sj,2010,27,26.18,7.97,0.0,298.1,0.715,0.618,0.199,0.186,23
sj,2010,28,26.67,7.95,41.11,297.56,0.41,0.554,0.67,0.523,21
sj,2010,29,28.09,6.83,44.65,299.27,0.485,0.156,0.609,0.637,21
sj,2010,30,29.4,6.86,82.38,300.17,0.622,0.734,0.641,0.23,20
sj,2010,31,22.42,9.67,26.21,293.3,0.603,0.324,0.35,0.59,20
sj,2010,32,18.61,7.17,63.61,290.36,0.383,0.35,0.303,0.526,17
sj,2010,33,22.81,8.54,0.0,294.35,0.846,0.748,0.118,0.288,19
sj,2010,34,29.19,7.52,114.5,300.49,0.585,0.651,0.605,0.349,28
sj,2010,35,26.13,9.14,36.06,296.94,0.19,0.216,0.224,0.458,22
sj,2010,36,30.53,8.2,51.34,302.2,0.689,0.82,0.469,0.132,19
sj,2010,37,27.3,8.84,63.71,297.58,0.488,0.736,0.121,0.683,15
sj,2010,38,28.27,6.79,83.18,299.07,0.204,0.698,0.449,0.761,24
sj,2010,39,28.34,7.43,62.76,302.03,0.497,0.304,0.298,0.546,26
sj,2010,40,19.85,6.08,22.05,290.94,0.66,0.327,0.521,0.227,23
sj,2010,41,30.5,6.31,44.8,303.92,0.514,0.28,0.395,0.592,27
sj,2010,42,30.47,7.13,25.57,300.66,0.298,0.143,0.601,0.376,24
sj,2010,43,29.53,8.43,24.67,300.96,0.581,0.51,0.156,0.601,19
sj,2010,44,25.18,5.23,47.69,297.3,0.28,0.68,0.315,0.566,24
sj,2010,45,22.75,7.29,0.0,294.83,0.266,0.667,0.359,0.22,20
sj,2010,46,27.92,9.23,53.32,300.03,0.375,0.132,0.384,0.813,21
sj,2010,47,20.18,6.49,28.13,292.11,0.382,0.536,0.712,0.746,22
sj,2010,48,27.93,6.77,0.0,298.79,0.741,0.687,0.743,0.67,23
sj,2010,49,26.09,5.96,62.76,296.74,0.717,0.658,0.812,0.834,27
sj,2010,50,25.76,8.44,73.84,297.28,0.188,0.793,0.23,0.376,20
sj,2010,51,25.0,8.92,35.64,295.93,0.313,0.265,0.419,0.44,18
sj,2010,52,32.87,7.21,36.32,303.16,0.509,0.737,0.269,0.121,10
sj,2011,1,28.11,7.88,36.46,299.4,0.402,0.216,0.401,0.349,27
sj,2011,2,20.96,6.35,32.42,293.01,0.138,0.11,0.237,0.708,18
sj,2011,3,19.66,6.11,6.96,291.58,0.125,0.53,0.162,0.172,21
sj,2011,4,30.9,5.31,56.08,301.16,0.187,0.562,0.555,0.829,20
sj,2011,5,27.71,7.25,38.24,297.95,0.248,0.734,0.726,0.422,15
sj,2011,6,30.89,6.54,32.88,302.16,0.814,0.409,0.672,0.39,16
sj,2011,7,26.01,7.03,20.89,296.61,0.356,0.15,0.338,0.284,14
sj,2011,8,25.35,6.92,39.52,296.01,0.285,0.818,0.243,0.237,19
sj,2011,9,26.9,9.44,40.08,296.66,0.588,0.68,0.345,0.789,24
sj,2011,10,21.99,5.79,30.29,293.55,0.173,0.438,0.132,0.103,26
sj,2011,11,30.1,5.69,61.61,301.09,0.589,0.552,0.445,0.359,21
sj,2011,12,23.42,8.53,0.0,294.92,0.369,0.379,0.423,0.128,19
sj,2011,13,28.18,6.53,53.94,301.46,0.297,0.567,0.558,0.73,15
sj,2011,14,23.87,8.5,31.04,294.28,0.212,0.445,0.842,0.479,19
sj,2011,15,28.58,6.86,8.7,299.49,0.317,0.124,0.735,0.124,24
sj,2011,16,28.0,9.47,43.84,299.79,0.622,0.247,0.427,0.433,17
sj,2011,17,27.16,7.6,0.0,300.37,0.334,0.439,0.425,0.781,20
sj,2011,18,21.59,6.21,0.69,293.52,0.602,0.729,0.524,0.58,13
sj,2011,19,23.92,8.06,60.43,296.07,0.823,0.562,0.384,0.725,16
sj,2011,20,32.97,7.87,39.37,303.86,0.183,0.462,0.284,0.764,17
sj,2011,21,23.2,8.03,71.3,293.03,0.701,0.128,0.121,0.446,16
sj,2011,22,24.94,7.16,0.0,296.87,0.592,0.662,0.144,0.677,16
sj,2011,23,29.57,5.74,53.4,300.7,0.826,0.351,0.768,0.64,30
sj,2011,24,33.85,7.45,58.83,304.55,0.583,0.309,0.824,0.253,24
sj,2011,25,23.43,6.54,5.5,294.38,0.736,0.362,0.632,0.218,13
sj,2011,26,26.29,6.93,75.36,297.99,0.55,0.273,0.384,0.749,14
sj,2011,27,24.75,6.06,77.78,296.14,0.287,0.428,0.818,0.482,20
sj,2011,28,26.15,8.51,0.0,296.91,0.635,0.755,0.779,0.761,19
sj,2011,29,25.31,8.53,1.84,296.24,0.789,0.672,0.425,0.305,19
sj,2011,30,23.01,7.66,72.26,293.32,0.58,0.49,0.197,0.752,18
sj,2011,31,30.1,6.75,19.36,302.47,0.628,0.313,0.253,0.322,28
sj,2011,32,29.62,6.67,72.13,300.45,0.665,0.23,0.758,0.307,18
sj,2011,33,26.04,8.54,32.5,299.0,0.669,0.695,0.217,0.518,25
sj,2011,34,30.54,7.46,22.88,302.92,0.643,0.822,0.257,0.587,17
sj,2011,35,24.93,8.36,60.18,295.51,0.218,0.437,0.252,0.759,23
sj,2011,36,23.75,8.07,26.95,294.25,0.117,0.186,0.396,0.45,14
sj,2011,37,27.49,5.07,48.42,301.75,0.391,0.48,0.336,0.741,22
sj,2011,38,28.25,10.59,50.56,298.25,0.215,0.618,0.451,0.613,26
sj,2011,39,23.81,9.28,37.59,294.41,0.66,0.454,0.643,0.483,23
sj,2011,40,32.28,6.64,29.05,302.35,0.741,0.287,0.652,0.815,29
sj,2011,41,31.06,5.76,49.17,303.43,0.134,0.693,0.418,0.285,20
sj,2011,42,23.87,6.4,59.42,293.65,0.766,0.291,0.594,0.115,22
sj,2011,43,26.96,9.23,39.12,297.86,0.454,0.381,0.54,0.786,18
sj,2011,44,26.12,7.21,13.9,297.89,0.135,0.542,0.532,0.69,14
sj,2011,45,26.04,7.96,14.58,299.26,0.588,0.258,0.328,0.827,19
sj,2011,46,22.64,8.79,81.16,293.53,0.485,0.163,0.306,0.844,23
sj,2011,47,32.44,8.25,88.01,303.14,0.479,0.657,0.769,0.285,33
sj,2011,48,25.77,7.03,12.63,297.65,0.641,0.31,0.748,0.28,25
sj,2011,49,27.69,7.42,0.01,299.22,0.757,0.272,0.439,0.365,19
sj,2011,50,22.17,7.53,0.46,293.14,0.624,0.499,0.584,0.555,17
sj,2011,51,29.61,7.59,9.94,300.45,0.716,0.551,0.662,0.234,21
sj,2011,52,25.86,8.27,0.0,297.21,0.291,0.62,0.426,0.703,16
sj,2012,1,22.38,7.74,29.93,295.07,0.304,0.22,0.649,0.179,24
sj,2012,2,28.43,7.7,65.98,299.49,0.482,0.184,0.839,0.194,21
sj,2012,3,29.2,7.88,26.95,300.68,0.102,0.421,0.109,0.782,23
sj,2012,4,31.16,8.66,28.09,303.06,0.761,0.535,0.694,0.297,16
sj,2012,5,28.84,7.8,39.09,298.99,0.255,0.354,0.571,0.175,13
sj,2012,6,25.14,6.71,26.46,298.01,0.602,0.494,0.491,0.383,24
sj,2012,7,21.62,7.45,37.95,290.8,0.291,0.637,0.705,0.458,17
sj,2012,8,26.65,8.67,21.02,297.91,0.427,0.769,0.127,0.443,22
sj,2012,9,21.41,6.44,45.36,292.78,0.518,0.457,0.438,0.144,18
sj,2012,10,31.08,4.69,27.74,301.93,0.276,0.567,0.834,0.192,21
sj,2012,11,25.06,7.12,0.0,296.86,0.216,0.742,0.334,0.573,21
sj,2012,12,14.66,6.35,35.14,284.73,0.395,0.384,0.414,0.197,15
sj,2012,13,24.19,7.3,34.81,293.6,0.705,0.507,0.741,0.697,24
sj,2012,14,31.95,6.12,23.54,303.02,0.171,0.174,0.558,0.494,21
sj,2012,15,26.65,8.0,31.46,297.43,0.429,0.161,0.699,0.764,19
sj,2012,16,29.15,8.96,19.73,299.77,0.338,0.582,0.724,0.457,26
sj,2012,17,28.57,7.77,53.0,298.37,0.487,0.389,0.396,0.511,20
sj,2012,18,25.76,7.58,77.09,297.49,0.592,0.479,0.44,0.639,19
sj,2012,19,27.57,6.65,32.14,299.23,0.68,0.243,0.517,0.219,19
sj,2012,20,20.66,7.59,30.47,291.48,0.495,0.813,0.418,0.691,13
sj,2012,21,21.82,6.79,35.49,292.19,0.576,0.243,0.193,0.827,18
sj,2012,22,31.5,7.02,29.61,303.72,0.565,0.659,0.47,0.564,21
sj,2012,23,29.25,7.36,12.23,300.22,0.627,0.843,0.642,0.354,22
sj,2012,24,35.74,7.02,48.7,308.66,0.847,0.378,0.632,0.406,18
sj,2012,25,29.28,6.2,72.33,302.25,0.263,0.779,0.164,0.344,22
sj,2012,26,24.84,6.94,26.87,296.94,0.611,0.525,0.428,0.363,16
sj,2012,27,24.04,7.09,55.03,296.69,0.147,0.589,0.398,0.701,28
sj,2012,28,24.25,7.8,0.0,295.35,0.567,0.341,0.148,0.258,14
sj,2012,29,30.44,7.24,80.78,299.86,0.37,0.495,0.622,0.338,22
sj,2012,30,33.14,8.71,20.15,303.29,0.66,0.552,0.6,0.655,21
sj,2012,31,24.77,8.29,34.61,295.55,0.415,0.482,0.35,0.227,16
sj,2012,32,29.54,7.03,27.49,302.07,0.779,0.523,0.151,0.303,24
sj,2012,33,28.07,9.99,35.74,298.96,0.643,0.636,0.636,0.768,15
sj,2012,34,21.38,9.34,25.85,291.43,0.374,0.782,0.368,0.232,19
sj,2012,35,27.42,6.63,36.63,300.49,0.526,0.68,0.371,0.287,31
sj,2012,36,25.51,8.23,51.78,296.2,0.629,0.827,0.824,0.306,24
sj,2012,37,26.2,6.21,41.19,297.39,0.143,0.196,0.293,0.78,20
sj,2012,38,35.38,8.77,41.83,307.71,0.657,0.657,0.776,0.549,25
sj,2012,39,29.68,6.13,44.99,300.85,0.496,0.155,0.832,0.104,25
sj,2012,40,28.97,7.43,26.81,300.75,0.515,0.84,0.835,0.353,21
sj,2012,41,24.79,9.76,34.56,294.65,0.775,0.101,0.272,0.257,14
sj,2012,42,25.96,5.95,73.66,297.18,0.795,0.595,0.248,0.164,33
sj,2012,43,30.64,7.26,31.6,300.57,0.266,0.377,0.422,0.194,20
sj,2012,44,25.08,8.45,25.54,296.0,0.109,0.305,0.146,0.383,24
sj,2012,45,24.5,5.84,58.53,295.56,0.263,0.328,0.497,0.697,19
sj,2012,46,21.73,9.13,16.67,293.35,0.729,0.696,0.256,0.574,22
sj,2012,47,28.52,6.79,52.13,301.81,0.53,0.728,0.677,0.607,18
sj,2012,48,31.62,5.79,29.99,303.81,0.292,0.529,0.147,0.303,23
sj,2012,49,26.46,7.73,71.03,297.17,0.499,0.705,0.772,0.387,24
sj,2012,50,23.76,7.93,38.41,296.11,0.751,0.318,0.848,0.338,19
sj,2012,51,29.8,8.35,29.87,300.91,0.417,0.332,0.608,0.202,18
sj,2012,52,25.12,8.05,71.44,296.57,0.171,0.739,0.643,0.354,24
sj,2013,1,21.33,7.15,71.11,290.61,0.534,0.707,0.658,0.742,29
sj,2013,2,24.21,6.03,7.8,295.77,0.699,0.799,0.413,0.638,14
sj,2013,3,24.89,7.54,52.41,297.12,0.587,0.369,0.104,0.187,18
sj,2013,4,22.96,8.35,0.0,292.53,0.402,0.295,0.344,0.222,20
sj,2013,5,26.61,6.71,71.95,298.25,0.817,0.198,0.763,0.629,24
sj,2013,6,20.0,7.55,72.29,292.44,0.402,0.508,0.13,0.23,20
sj,2013,7,24.38,6.95,4.67,296.08,0.151,0.618,0.637,0.306,14
sj,2013,8,34.07,6.99,38.53,305.79,0.179,0.12,0.339,0.244,19
sj,2013,9,18.78,10.63,20.64,291.42,0.569,0.462,0.735,0.527,15
sj,2013,10,27.75,8.62,0.0,298.82,0.248,0.69,0.551,0.501,21
sj,2013,11,16.89,8.21,26.65,287.12,0.781,0.634,0.138,0.763,21
sj,2013,12,25.65,6.67,19.12,297.64,0.572,0.785,0.368,0.745,27
sj,2013,13,30.96,5.93,33.87,301.94,0.593,0.559,0.655,0.639,14
sj,2013,14,25.45,8.0,43.62,297.18,0.188,0.531,0.24,0.376,17
sj,2013,15,25.54,7.73,6.38,296.33,0.159,0.781,0.582,0.442,19
sj,2013,16,22.79,6.57,21.55,293.96,0.396,0.39,0.31,0.402,20
sj,2013,17,23.77,11.45,45.53,293.54,0.345,0.136,0.128,0.395,28
sj,2013,18,28.27,8.67,45.87,298.97,0.42,0.259,0.764,0.371,24
sj,2013,19,27.01,7.66,3.72,298.07,0.776,0.51,0.314,0.758,10
sj,2013,20,26.67,5.86,79.77,297.68,0.198,0.128,0.218,0.815,22
sj,2013,21,25.57,8.24,36.84,296.53,0.592,0.459,0.678,0.773,25
sj,2013,22,28.84,6.41,20.69,299.46,0.794,0.324,0.73,0.502,26
sj,2013,23,25.25,6.29,55.82,297.24,0.363,0.367,0.384,0.809,11
sj,2013,24,29.06,6.67,36.0,299.91,0.268,0.296,0.111,0.262,28
sj,2013,25,22.5,8.28,33.36,294.23,0.487,0.507,0.11,0.82,20
sj,2013,26,29.67,7.09,61.56,299.7,0.546,0.594,0.727,0.255,29
sj,2013,27,24.84,8.82,11.45,296.41,0.472,0.662,0.24,0.844,14
sj,2013,28,23.99,6.34,23.15,294.18,0.201,0.107,0.426,0.167,17
sj,2013,29,21.84,7.59,64.58,294.12,0.216,0.136,0.59,0.582,17
sj,2013,30,28.46,9.73,46.79,300.18,0.552,0.817,0.504,0.648,26
sj,2013,31,24.99,6.61,63.81,295.19,0.78,0.815,0.103,0.26,22
sj,2013,32,30.2,9.63,13.73,301.16,0.491,0.46,0.306,0.418,29
sj,2013,33,26.29,7.7,20.03,296.88,0.298,0.115,0.221,0.116,24
sj,2013,34,24.88,6.47,75.73,296.05,0.596,0.118,0.476,0.649,16
sj,2013,35,24.89,4.43,6.8,297.5,0.566,0.538,0.552,0.509,22
sj,2013,36,35.98,7.06,84.32,306.97,0.144,0.364,0.447,0.225,20
sj,2013,37,28.67,7.26,36.31,300.37,0.183,0.165,0.393,0.134,21
sj,2013,38,26.23,7.74,9.14,297.53,0.586,0.832,0.513,0.329,20
sj,2013,39,30.94,7.45,36.98,301.65,0.324,0.266,0.612,0.79,19
sj,2013,40,22.5,7.25,16.85,292.58,0.19,0.43,0.322,0.763,11
sj,2013,41,25.64,6.02,32.3,296.04,0.114,0.375,0.294,0.735,15
sj,2013,42,22.94,7.52,39.6,295.64,0.563,0.43,0.378,0.779,16
sj,2013,43,24.12,8.61,0.0,293.95,0.484,0.53,0.773,0.839,23
sj,2013,44,28.2,7.74,40.17,297.9,0.601,0.411,0.402,0.707,18
sj,2013,45,31.78,8.4,10.48,300.74,0.18,0.204,0.413,0.141,32
sj,2013,46,28.1,6.16,32.26,300.34,0.765,0.533,0.187,0.102,22
sj,2013,47,24.69,7.91,71.74,295.27,0.621,0.29,0.148,0.389,18
sj,2013,48,26.48,8.03,24.99,298.47,0.671,0.695,0.682,0.207,21
sj,2013,49,30.9,8.26,9.43,302.23,0.438,0.679,0.376,0.574,20
sj,2013,50,25.16,7.3,1.7,296.1,0.83,0.848,0.602,0.439,24
sj,2013,51,23.95,5.35,58.4,292.92,0.376,0.124,0.418,0.406,16
sj,2013,52,22.8,6.6,15.67,294.92,0.533,0.22,0.496,0.514,20
iq,2000,1,25.31,8.02,0.0,293.82,0.6,0.426,0.685,0.419,13
iq,2000,2,27.68,8.21,77.97,298.52,0.428,0.247,0.748,0.143,17
iq,2000,3,27.3,5.94,30.1,297.48,0.214,0.591,0.429,0.351,14
iq,2000,4,25.1,8.41,46.78,296.52,0.43,0.481,0.443,0.712,18
iq,2000,5,27.57,8.0,19.76,297.91,0.3,0.777,0.737,0.418,24
iq,2000,6,28.22,4.38,51.03,298.81,0.807,0.291,0.311,0.576,20
iq,2000,7,18.85,8.84,23.55,290.72,0.421,0.25,0.755,0.251,17
iq,2000,8,24.32,7.45,2.47,295.46,0.824,0.62,0.735,0.505,13
iq,2000,9,25.97,6.85,53.67,296.95,0.651,0.282,0.757,0.385,14
iq,2000,10,23.9,5.65,18.03,296.38,0.615,0.686,0.355,0.809,17
iq,2000,11,26.02,7.87,0.0,296.98,0.594,0.83,0.442,0.586,18
iq,2000,12,25.83,9.66,51.56,296.57,0.21,0.703,0.239,0.825,20
iq,2000,13,30.9,4.86,69.36,301.91,0.639,0.656,0.345,0.757,16
iq,2000,14,23.8,6.17,24.67,294.99,0.315,0.261,0.627,0.51,21
iq,2000,15,30.3,7.34,17.64,302.38,0.282,0.731,0.656,0.56,7
iq,2000,16,20.87,7.25,19.35,291.62,0.621,0.125,0.132,0.296,9
iq,2000,17,19.92,7.79,47.58,291.33,0.811,0.305,0.122,0.347,18
iq,2000,18,29.8,6.77,64.48,300.45,0.594,0.502,0.783,0.177,14
iq,2000,19,24.36,9.61,5.94,294.95,0.329,0.369,0.568,0.809,12
iq,2000,20,30.48,7.37,0.1,300.33,0.206,0.408,0.755,0.775,17
iq,2000,21,25.49,6.36,10.75,298.14,0.245,0.239,0.43,0.104,19
iq,2000,22,28.27,5.04,45.99,296.95,0.329,0.261,0.272,0.261,19
iq,2000,23,26.74,5.06,34.67,298.21,0.41,0.315,0.778,0.591,18
iq,2000,24,22.19,6.81,46.98,294.76,0.292,0.179,0.806,0.206,13
iq,2000,25,23.84,7.21,61.47,294.9,0.736,0.165,0.132,0.578,12
iq,2000,26,25.24,7.28,29.13,295.28,0.819,0.777,0.433,0.399,22
iq,2000,27,22.41,9.23,13.26,294.12,0.354,0.201,0.459,0.274,25
iq,2000,28,27.57,7.64,44.43,299.19,0.627,0.509,0.712,0.73,21
iq,2000,29,31.57,7.52,59.89,302.88,0.632,0.348,0.569,0.246,18
iq,2000,30,34.49,7.84,48.82,306.83,0.544,0.543,0.374,0.523,18
iq,2000,31,16.46,7.27,16.17,288.52,0.728,0.228,0.408,0.73,13
iq,2000,32,30.98,10.04,0.0,301.74,0.619,0.395,0.664,0.782,20
iq,2000,33,24.56,6.03,33.79,295.54,0.275,0.508,0.667,0.805,12
iq,2000,34,23.75,7.49,52.81,294.49,0.5,0.27,0.437,0.839,17
iq,2000,35,32.08,6.12,0.0,302.62,0.561,0.158,0.533,0.194,14
iq,2000,36,23.06,5.91,54.9,293.99,0.843,0.133,0.744,0.158,17
iq,2000,37,28.97,8.19,0.0,298.99,0.644,0.624,0.12,0.295,23
iq,2000,38,24.09,6.69,37.95,295.82,0.646,0.195,0.803,0.537,14
iq,2000,39,19.61,7.52,15.49,288.8,0.247,0.808,0.367,0.415,17
iq,2000,40,23.07,6.85,43.62,294.81,0.718,0.294,0.415,0.515,14
iq,2000,41,26.17,7.0,66.94,295.89,0.538,0.292,0.255,0.72,11
iq,2000,42,27.34,8.31,30.05,296.3,0.83,0.754,0.261,0.281,16
iq,2000,43,28.5,6.52,74.81,299.73,0.604,0.616,0.832,0.252,21
iq,2000,44,27.96,6.22,40.35,299.11,0.529,0.505,0.394,0.291,21
iq,2000,45,24.53,7.67,18.9,298.34,0.568,0.701,0.601,0.738,11
iq,2000,46,26.99,7.9,65.91,299.36,0.252,0.116,0.836,0.294,19
iq,2000,47,19.26,7.99,0.0,290.56,0.821,0.421,0.83,0.601,16
iq,2000,48,22.91,9.3,0.0,294.8,0.709,0.333,0.688,0.346,23
iq,2000,49,26.53,8.13,42.59,298.22,0.592,0.273,0.257,0.793,18
iq,2000,50,17.73,6.87,44.11,285.98,0.373,0.808,0.226,0.216,8
iq,2000,51,28.22,7.12,37.9,298.74,0.725,0.616,0.25,0.675,14
iq,2000,52,22.18,9.03,48.6,293.66,0.805,0.599,0.823,0.801,12
iq,2001,1,28.83,5.84,39.93,302.12,0.645,0.3,0.379,0.417,16
iq,2001,2,21.22,7.26,33.36,293.4,0.226,0.401,0.786,0.362,12
iq,2001,3,28.72,8.33,37.49,298.57,0.411,0.605,0.308,0.102,16
iq,2001,4,25.36,6.05,68.43,296.47,0.19,0.619,0.601,0.378,15
iq,2001,5,22.67,8.37,23.29,294.36,0.753,0.329,0.421,0.127,16
iq,2001,6,22.82,9.13,0.0,295.22,0.526,0.701,0.457,0.244,17
iq,2001,7,22.15,8.27,51.23,292.25,0.182,0.4,0.65,0.223,17
iq,2001,8,29.92,5.96,31.96,301.03,0.206,0.117,0.138,0.778,24
iq,2001,9,30.39,7.92,9.53,301.35,0.187,0.772,0.221,0.229,25
iq,2001,10,21.38,8.35,89.67,293.6,0.668,0.351,0.188,0.416,17
iq,2001,11,24.69,7.38,47.13,294.61,0.727,0.407,0.417,0.473,18
iq,2001,12,27.67,8.15,31.87,297.61,0.537,0.422,0.524,0.602,17
iq,2001,13,28.25,6.83,62.65,298.77,0.668,0.837,0.697,0.478,13
iq,2001,14,27.99,6.52,66.99,298.79,0.634,0.76,0.611,0.614,18
iq,2001,15,28.37,6.29,2.77,299.93,0.743,0.35,0.17,0.31,22
iq,2001,16,22.39,9.63,57.65,293.11,0.275,0.823,0.544,0.106,18
iq,2001,17,25.35,7.14,24.34,296.73,0.229,0.673,0.331,0.341,16
iq,2001,18,26.61,7.01,40.61,296.62,0.168,0.215,0.831,0.248,24
iq,2001,19,28.29,6.61,39.84,299.72,0.733,0.59,0.478,0.392,18
iq,2001,20,31.35,6.08,26.45,303.17,0.119,0.312,0.274,0.695,18
iq,2001,21,22.03,7.12,52.8,293.59,0.513,0.68,0.729,0.806,19
iq,2001,22,23.4,8.06,30.2,296.11,0.495,0.22,0.786,0.517,20
iq,2001,23,30.45,6.78,49.16,301.91,0.28,0.81,0.745,0.316,19
iq,2001,24,20.82,7.65,58.17,291.17,0.222,0.513,0.179,0.563,15
iq,2001,25,18.58,8.31,20.87,290.27,0.582,0.129,0.248,0.799,17
iq,2001,26,34.95,9.46,66.89,306.02,0.237,0.106,0.336,0.831,19
iq,2001,27,21.1,6.8,0.0,293.19,0.556,0.587,0.699,0.633,18
iq,2001,28,29.35,5.98,16.07,298.12,0.283,0.75,0.285,0.412,16
iq,2001,29,29.49,6.88,40.94,300.63,0.808,0.702,0.4,0.813,19
iq,2001,30,26.51,9.16,30.8,298.58,0.371,0.501,0.101,0.736,16
iq,2001,31,31.83,6.56,29.68,303.31,0.133,0.754,0.442,0.158,23
iq,2001,32,25.1,6.11,47.09,295.86,0.138,0.324,0.841,0.597,16
iq,2001,33,24.43,8.26,39.49,296.32,0.582,0.152,0.186,0.575,18
iq,2001,34,22.91,6.4,51.38,293.75,0.247,0.61,0.357,0.137,14
iq,2001,35,26.93,8.93,33.64,298.61,0.104,0.578,0.181,0.459,14
iq,2001,36,23.19,7.29,42.73,295.19,0.143,0.34,0.341,0.385,19
iq,2001,37,31.85,7.82,52.72,303.77,0.835,0.19,0.358,0.256,15
iq,2001,38,21.88,8.11,28.04,293.36,0.844,0.793,0.157,0.592,15
iq,2001,39,20.63,7.2,52.87,292.38,0.839,0.237,0.196,0.647,19
iq,2001,40,27.19,9.3,40.13,296.71,0.683,0.749,0.285,0.196,22
iq,2001,41,26.78,8.87,37.12,299.2,0.109,0.126,0.694,0.467,12
iq,2001,42,27.83,8.32,24.67,298.74,0.258,0.358,0.458,0.415,12
iq,2001,43,22.99,5.76,6.83,294.19,0.69,0.637,0.103,0.12,11
iq,2001,44,24.72,6.76,58.17,293.96,0.646,0.663,0.48,0.794,11
iq,2001,45,32.2,7.11,33.67,305.83,0.672,0.306,0.503,0.351,23
iq,2001,46,26.4,6.81,43.14,299.58,0.526,0.401,0.621,0.742,21
iq,2001,47,31.95,6.57,22.91,305.28,0.203,0.279,0.302,0.225,17
iq,2001,48,31.43,6.26,26.19,303.5,0.399,0.416,0.698,0.838,20
iq,2001,49,21.17,6.43,38.1,292.35,0.607,0.235,0.436,0.699,21
iq,2001,50,18.55,8.0,0.0,289.73,0.645,0.273,0.562,0.594,12
iq,2001,51,25.55,8.97,49.99,295.98,0.52,0.544,0.458,0.55,12
iq,2001,52,25.43,7.29,35.56,297.12,0.686,0.512,0.118,0.691,26
iq,2002,1,34.75,6.9,22.48,305.53,0.388,0.4,0.58,0.653,11
iq,2002,2,23.71,6.08,30.36,296.26,0.586,0.648,0.231,0.621,12
iq,2002,3,26.87,8.29,41.27,297.28,0.707,0.544,0.698,0.832,16
iq,2002,4,25.48,8.17,23.59,296.36,0.762,0.818,0.29,0.255,13
iq,2002,5,21.48,5.63,50.89,293.32,0.168,0.405,0.403,0.586,16
iq,2002,6,25.62,7.21,47.95,296.36,0.76,0.618,0.229,0.468,19
iq,2002,7,14.6,7.11,1.17,285.97,0.127,0.688,0.63,0.664,10
iq,2002,8,20.76,6.83,25.68,292.5,0.231,0.242,0.776,0.688,12
iq,2002,9,30.81,5.86,0.29,300.75,0.476,0.565,0.404,0.423,15
iq,2002,10,24.09,6.86,1.37,294.67,0.66,0.105,0.358,0.43,15
iq,2002,11,31.61,7.57,0.0,305.05,0.311,0.206,0.821,0.707,29
iq,2002,12,27.27,6.08,51.66,298.4,0.152,0.674,0.689,0.622,17
iq,2002,13,27.73,7.51,0.0,297.58,0.456,0.379,0.605,0.588,14
iq,2002,14,33.88,6.66,56.59,304.55,0.479,0.34,0.785,0.501,26
iq,2002,15,30.36,6.68,70.17,301.79,0.124,0.789,0.638,0.569,20
iq,2002,16,25.19,5.7,0.0,294.61,0.311,0.833,0.124,0.39,22
iq,2002,17,26.63,4.25,26.91,298.21,0.727,0.448,0.83,0.582,22
iq,2002,18,30.05,7.92,39.15,302.58,0.189,0.511,0.622,0.124,18
iq,2002,19,25.24,7.08,63.33,298.05,0.588,0.394,0.633,0.712,24
iq,2002,20,33.04,6.96,32.79,302.93,0.117,0.159,0.352,0.788,18
iq,2002,21,29.05,6.14,40.1,300.9,0.37,0.133,0.183,0.204,16
iq,2002,22,21.37,5.52,38.33,292.11,0.844,0.395,0.167,0.536,22
iq,2002,23,31.18,8.82,31.17,299.9,0.125,0.726,0.743,0.788,19
iq,2002,24,33.74,5.8,6.3,305.83,0.607,0.36,0.262,0.341,21
iq,2002,25,34.19,7.47,69.93,306.23,0.123,0.352,0.45,0.37,14
iq,2002,26,25.52,6.26,41.54,295.32,0.495,0.418,0.597,0.506,11
iq,2002,27,32.29,8.09,79.86,303.28,0.517,0.828,0.336,0.49,20
iq,2002,28,28.85,8.2,66.73,300.89,0.708,0.386,0.838,0.374,19
iq,2002,29,28.26,9.45,39.74,300.41,0.564,0.738,0.557,0.82,24
iq,2002,30,28.06,8.77,31.03,299.78,0.311,0.587,0.17,0.651,17
iq,2002,31,27.25,6.1,52.26,298.4,0.337,0.209,0.427,0.808,14
iq,2002,32,24.68,9.44,61.36,294.19,0.376,0.185,0.359,0.363,17
iq,2002,33,33.01,4.83,25.8,303.74,0.344,0.749,0.609,0.534,19
iq,2002,34,19.32,5.02,60.95,290.28,0.608,0.119,0.22,0.777,15
iq,2002,35,24.82,7.93,6.76,296.29,0.838,0.665,0.839,0.66,18
iq,2002,36,26.83,5.09,20.07,298.44,0.294,0.465,0.21,0.524,13
iq,2002,37,17.03,6.3,7.57,288.92,0.364,0.122,0.732,0.569,13
iq,2002,38,19.59,9.22,37.53,290.85,0.182,0.105,0.658,0.836,13
iq,2002,39,21.88,7.05,51.38,294.52,0.681,0.686,0.393,0.149,20
iq,2002,40,26.74,10.06,45.97,299.04,0.612,0.691,0.821,0.322,18
iq,2002,41,26.14,10.39,70.7,298.47,0.373,0.568,0.721,0.281,16
iq,2002,42,28.25,8.98,6.16,298.88,0.775,0.394,0.422,0.839,12
iq,2002,43,20.81,7.11,11.49,292.43,0.74,0.781,0.754,0.148,16
iq,2002,44,27.71,8.76,18.37,299.78,0.794,0.812,0.844,0.457,13
iq,2002,45,27.97,8.77,20.59,298.69,0.16,0.404,0.75,0.628,11
iq,2002,46,24.87,9.75,25.15,296.36,0.171,0.691,0.376,0.284,18
iq,2002,47,30.3,5.36,21.27,300.09,0.582,0.27,0.52,0.291,19
iq,2002,48,22.96,7.69,14.31,294.53,0.172,0.655,0.312,0.202,18
iq,2002,49,27.91,7.14,58.33,298.19,0.551,0.568,0.135,0.384,20
iq,2002,50,18.12,6.72,46.76,288.24,0.334,0.14,0.103,0.727,11
iq,2002,51,22.74,6.95,50.92,292.87,0.117,0.683,0.48,0.36,19
iq,2002,52,29.86,5.35,44.22,302.09,0.152,0.309,0.435,0.573,18
iq,2003,1,25.28,6.2,45.57,296.9,0.678,0.766,0.163,0.623,12
iq,2003,2,27.88,6.45,25.65,300.16,0.796,0.459,0.486,0.765,22
iq,2003,3,26.93,7.43,64.77,297.72,0.258,0.656,0.602,0.524,23
iq,2003,4,22.44,8.18,19.42,293.32,0.448,0.632,0.558,0.467,18
iq,2003,5,32.56,10.1,8.55,303.97,0.653,0.496,0.832,0.141,15
iq,2003,6,24.23,7.44,18.47,296.24,0.725,0.472,0.255,0.539,16
iq,2003,7,23.99,7.01,34.16,295.34,0.233,0.522,0.811,0.629,14
iq,2003,8,24.32,8.02,38.02,297.44,0.361,0.807,0.288,0.701,19
iq,2003,9,26.69,6.61,50.34,295.96,0.83,0.758,0.119,0.305,14
iq,2003,10,23.74,8.26,51.83,293.96,0.173,0.115,0.162,0.374,20
iq,2003,11,20.35,10.32,0.0,289.48,0.579,0.661,0.289,0.582,21
iq,2003,12,30.41,7.28,10.88,299.88,0.221,0.158,0.181,0.833,14
iq,2003,13,26.64,7.45,9.13,298.55,0.569,0.528,0.24,0.642,16
iq,2003,14,30.2,6.4,49.37,301.23,0.37,0.329,0.203,0.787,20
iq,2003,15,25.39,7.0,2.38,296.61,0.162,0.712,0.297,0.506,16
iq,2003,16,16.41,8.46,0.0,286.15,0.166,0.84,0.815,0.432,14
iq,2003,17,26.63,6.84,14.58,297.93,0.211,0.789,0.186,0.572,11
iq,2003,18,27.22,6.16,39.11,298.16,0.606,0.606,0.205,0.143,19
iq,2003,19,23.55,9.41,45.38,294.32,0.574,0.19,0.591,0.413,20
iq,2003,20,23.98,7.07,20.78,298.09,0.155,0.635,0.148,0.268,21
iq,2003,21,25.24,7.19,39.52,297.27,0.173,0.785,0.578,0.47,17
iq,2003,22,29.48,8.15,41.83,300.74,0.246,0.618,0.394,0.237,27
iq,2003,23,24.77,10.71,0.0,296.88,0.621,0.575,0.276,0.139,16
iq,2003,24,32.49,6.48,57.1,303.11,0.649,0.812,0.657,0.689,22
iq,2003,25,19.88,6.25,45.34,290.44,0.827,0.274,0.341,0.584,19
iq,2003,26,27.85,6.51,26.85,298.77,0.176,0.748,0.473,0.421,17
iq,2003,27,20.81,6.45,10.74,291.54,0.605,0.743,0.715,0.419,14
iq,2003,28,26.86,7.38,0.0,296.87,0.656,0.824,0.847,0.793,22
iq,2003,29,22.7,6.44,46.51,293.56,0.182,0.543,0.625,0.403,15
iq,2003,30,24.6,9.46,45.11,296.02,0.104,0.743,0.747,0.171,12
iq,2003,31,22.99,5.52,51.34,293.1,0.387,0.449,0.419,0.215,12
iq,2003,32,36.3,8.43,28.38,306.83,0.195,0.666,0.793,0.692,22
iq,2003,33,27.48,6.1,53.23,298.62,0.466,0.298,0.165,0.735,16
iq,2003,34,21.11,9.69,34.74,293.2,0.805,0.324,0.383,0.845,11
iq,2003,35,32.49,7.15,23.61,300.81,0.595,0.483,0.388,0.532,21
iq,2003,36,27.85,8.27,29.22,299.95,0.2,0.818,0.769,0.341,17
iq,2003,37,25.12,7.29,75.24,296.15,0.128,0.653,0.319,0.439,18
iq,2003,38,23.47,6.83,59.63,295.64,0.658,0.641,0.508,0.683,11
iq,2003,39,24.14,7.0,49.71,294.61,0.488,0.596,0.268,0.488,18
iq,2003,40,26.02,5.99,28.55,295.08,0.191,0.126,0.134,0.244,18
iq,2003,41,24.1,8.65,51.82,295.89,0.556,0.616,0.649,0.268,22
iq,2003,42,19.98,8.19,37.53,292.2,0.386,0.572,0.142,0.825,11
iq,2003,43,25.88,7.01,32.93,298.63,0.784,0.5,0.437,0.389,17
iq,2003,44,26.43,8.65,53.28,298.7,0.633,0.737,0.107,0.228,17
iq,2003,45,32.28,9.04,83.64,304.05,0.58,0.258,0.515,0.726,19
iq,2003,46,27.89,7.38,58.38,296.31,0.219,0.179,0.171,0.594,20
iq,2003,47,26.01,8.14,34.92,296.38,0.794,0.144,0.418,0.1,21
iq,2003,48,23.76,6.82,47.63,295.69,0.287,0.252,0.368,0.721,22
iq,2003,49,32.47,9.44,53.45,304.33,0.749,0.661,0.68,0.129,27
iq,2003,50,25.84,7.66,28.13,296.47,0.719,0.592,0.698,0.62,24
iq,2003,51,21.48,5.46,34.9,295.53,0.631,0.511,0.691,0.339,20
iq,2003,52,25.33,7.39,35.59,297.62,0.329,0.523,0.41,0.181,23
iq,2004,1,28.32,8.75,50.51,301.88,0.829,0.598,0.125,0.696,18
iq,2004,2,23.88,9.19,49.83,294.99,0.319,0.313,0.305,0.676,13
iq,2004,3,21.06,7.24,51.2,293.05,0.281,0.574,0.512,0.103,16
iq,2004,4,23.85,5.39,31.04,296.23,0.352,0.445,0.438,0.207,30
iq,2004,5,25.47,5.71,105.65,296.12,0.5,0.642,0.171,0.838,16
iq,2004,6,18.47,8.58,0.0,288.82,0.194,0.311,0.109,0.84,15
iq,2004,7,21.08,9.54,14.92,293.97,0.351,0.319,0.36,0.377,10
iq,2004,8,29.7,6.04,27.66,298.31,0.461,0.641,0.633,0.252,13
iq,2004,9,21.41,8.25,0.0,290.73,0.482,0.133,0.221,0.801,9
iq,2004,10,26.93,7.74,60.07,298.66,0.314,0.334,0.847,0.261,20
iq,2004,11,25.96,5.89,44.67,295.23,0.772,0.567,0.492,0.502,19
iq,2004,12,19.99,5.47,37.94,291.7,0.822,0.629,0.101,0.117,17
iq,2004,13,20.71,6.49,37.22,291.75,0.652,0.829,0.763,0.463,19
iq,2004,14,29.38,6.96,30.22,300.1,0.266,0.179,0.494,0.78,16
iq,2004,15,24.99,5.44,48.49,295.45,0.639,0.635,0.487,0.269,19
iq,2004,16,28.25,8.1,26.34,297.75,0.6,0.178,0.212,0.575,23
iq,2004,17,28.06,8.26,37.93,297.23,0.831,0.678,0.802,0.705,20
iq,2004,18,24.05,8.49,0.0,294.16,0.38,0.323,0.345,0.746,24
iq,2004,19,19.75,6.81,70.87,289.85,0.168,0.195,0.223,0.327,10
iq,2004,20,25.83,9.33,21.27,295.66,0.518,0.258,0.652,0.611,15
iq,2004,21,25.77,8.98,4.15,296.67,0.489,0.791,0.106,0.142,16
iq,2004,22,19.42,7.81,22.35,292.4,0.364,0.355,0.466,0.693,13
iq,2004,23,24.58,9.03,35.01,295.86,0.181,0.815,0.78,0.72,23
iq,2004,24,25.82,8.44,30.03,295.51,0.265,0.615,0.167,0.649,14
iq,2004,25,17.47,7.04,64.23,288.17,0.133,0.167,0.535,0.361,11
iq,2004,26,28.55,10.45,15.44,297.93,0.1,0.791,0.174,0.612,20
iq,2004,27,28.09,7.19,26.5,300.28,0.626,0.526,0.484,0.254,14
iq,2004,28,25.48,6.69,34.48,295.59,0.628,0.522,0.62,0.1,9
iq,2004,29,29.18,7.86,53.1,301.7,0.655,0.643,0.654,0.156,10
iq,2004,30,25.75,7.6,63.12,296.71,0.686,0.287,0.716,0.233,16
iq,2004,31,29.32,7.58,71.68,298.89,0.335,0.689,0.136,0.392,26
iq,2004,32,21.34,7.26,28.89,292.9,0.382,0.786,0.728,0.825,8
iq,2004,33,23.15,8.12,43.02,294.9,0.693,0.267,0.622,0.739,18
iq,2004,34,22.1,7.61,66.32,294.79,0.135,0.838,0.603,0.733,16
iq,2004,35,22.98,8.12,32.44,293.94,0.474,0.194,0.329,0.666,21
iq,2004,36,22.76,7.97,43.59,293.11,0.841,0.284,0.53,0.558,17
iq,2004,37,22.05,7.68,93.94,293.95,0.199,0.12,0.466,0.529,22
iq,2004,38,26.54,5.64,29.52,299.48,0.494,0.268,0.535,0.264,13
iq,2004,39,25.47,7.75,22.42,297.4,0.106,0.242,0.798,0.553,24
iq,2004,40,21.89,7.25,0.0,293.34,0.814,0.394,0.728,0.509,16
iq,2004,41,21.69,7.32,16.91,291.97,0.657,0.454,0.61,0.464,17
iq,2004,42,24.53,6.54,55.0,294.04,0.264,0.694,0.426,0.474,13
iq,2004,43,27.75,6.29,33.37,299.02,0.111,0.611,0.561,0.116,15
iq,2004,44,36.47,7.72,46.26,306.92,0.8,0.532,0.526,0.585,20
iq,2004,45,27.13,7.36,57.36,297.38,0.215,0.479,0.539,0.257,14
iq,2004,46,22.15,6.93,29.67,293.34,0.117,0.197,0.489,0.332,9
iq,2004,47,24.12,8.0,0.0,294.77,0.298,0.562,0.464,0.184,20
iq,2004,48,21.2,7.41,34.77,291.96,0.471,0.323,0.847,0.273,15
iq,2004,49,25.78,6.43,6.39,297.97,0.127,0.736,0.163,0.135,14
iq,2004,50,25.43,7.3,4.3,294.95,0.685,0.495,0.231,0.397,18
iq,2004,51,33.89,7.51,11.43,304.99,0.25,0.451,0.291,0.277,20
iq,2004,52,31.53,7.6,55.33,303.7,0.425,0.248,0.772,0.831,21
iq,2005,1,25.53,7.44,64.2,294.33,0.577,0.29,0.438,0.813,17
iq,2005,2,33.4,8.71,49.36,304.93,0.678,0.374,0.139,0.228,22
iq,2005,3,25.78,5.79,45.71,296.66,0.687,0.512,0.687,0.222,16
iq,2005,4,23.87,8.86,27.99,296.39,0.814,0.78,0.662,0.114,16
iq,2005,5,22.54,6.79,24.63,294.98,0.482,0.622,0.149,0.358,18
iq,2005,6,29.28,8.7,28.46,300.61,0.818,0.794,0.455,0.22,22
iq,2005,7,31.04,5.87,20.07,301.83,0.5,0.794,0.261,0.796,26
iq,2005,8,30.51,6.29,13.96,302.91,0.489,0.707,0.244,0.572,17
iq,2005,9,30.65,8.8,5.36,303.1,0.486,0.417,0.401,0.713,21
iq,2005,10,29.35,7.67,20.68,299.79,0.411,0.482,0.452,0.423,20
iq,2005,11,20.39,7.28,17.5,290.56,0.706,0.562,0.421,0.702,14
iq,2005,12,23.85,6.74,29.4,292.73,0.67,0.756,0.694,0.424,11
iq,2005,13,22.79,6.47,38.64,292.72,0.246,0.76,0.206,0.538,14
iq,2005,14,23.0,5.86,19.74,296.33,0.431,0.781,0.534,0.472,18
iq,2005,15,23.76,9.85,82.45,294.46,0.324,0.842,0.576,0.577,24
iq,2005,16,23.2,8.14,22.32,294.81,0.833,0.578,0.341,0.473,20
iq,2005,17,20.23,7.01,25.63,292.69,0.208,0.352,0.301,0.623,18
iq,2005,18,30.77,7.34,0.0,300.21,0.683,0.267,0.567,0.321,12
iq,2005,19,21.93,6.58,37.85,293.7,0.531,0.464,0.663,0.173,15
iq,2005,20,23.32,6.53,19.2,293.51,0.498,0.721,0.755,0.46,16
iq,2005,21,29.06,7.25,16.9,300.93,0.554,0.759,0.735,0.673,17
iq,2005,22,23.95,8.61,41.25,296.14,0.513,0.584,0.608,0.723,16
iq,2005,23,27.24,8.34,42.26,298.29,0.675,0.113,0.523,0.23,15
iq,2005,24,24.69,5.91,76.53,295.3,0.559,0.683,0.772,0.489,17
iq,2005,25,24.36,8.01,36.13,294.35,0.692,0.121,0.714,0.68,17
iq,2005,26,18.66,8.1,28.67,289.17,0.299,0.611,0.234,0.584,14
iq,2005,27,29.27,6.84,47.36,300.91,0.615,0.261,0.717,0.577,16
iq,2005,28,30.18,7.68,68.74,301.7,0.327,0.417,0.539,0.212,17
iq,2005,29,22.0,8.85,24.82,294.87,0.566,0.295,0.287,0.842,21
iq,2005,30,25.36,7.02,17.91,296.76,0.712,0.492,0.827,0.21,17
iq,2005,31,28.92,6.25,2.65,299.12,0.287,0.546,0.146,0.513,18
iq,2005,32,22.3,8.6,21.16,293.64,0.539,0.326,0.627,0.176,19
iq,2005,33,32.97,6.1,51.77,305.18,0.423,0.312,0.587,0.618,20
iq,2005,34,28.09,7.31,37.83,299.82,0.613,0.347,0.159,0.359,21
iq,2005,35,21.92,7.11,36.52,291.3,0.704,0.261,0.779,0.63,16
iq,2005,36,28.41,8.81,6.7,299.78,0.305,0.573,0.615,0.606,18
iq,2005,37,25.56,7.2,0.0,298.05,0.301,0.125,0.139,0.621,17
iq,2005,38,32.54,8.66,31.19,302.5,0.743,0.676,0.746,0.771,16
iq,2005,39,38.5,7.52,16.45,308.65,0.281,0.753,0.448,0.613,33
iq,2005,40,26.65,7.84,69.56,298.12,0.334,0.402,0.458,0.284,10
iq,2005,41,24.95,8.5,69.93,296.64,0.547,0.593,0.589,0.799,29
iq,2005,42,16.22,6.8,35.57,286.58,0.59,0.638,0.377,0.322,10
iq,2005,43,28.82,7.2,0.0,300.07,0.692,0.644,0.479,0.392,12
iq,2005,44,33.95,7.51,52.99,304.56,0.797,0.456,0.441,0.803,25
iq,2005,45,32.07,7.47,59.84,303.75,0.668,0.792,0.828,0.811,20
iq,2005,46,29.98,8.86,21.57,298.99,0.617,0.502,0.199,0.485,27
iq,2005,47,27.37,8.2,38.98,299.05,0.4,0.556,0.309,0.438,14
iq,2005,48,22.14,6.53,24.12,293.48,0.205,0.634,0.266,0.188,21
iq,2005,49,33.19,6.33,38.75,302.87,0.721,0.362,0.673,0.507,21
iq,2005,50,25.75,6.0,76.51,296.32,0.316,0.831,0.528,0.488,16
iq,2005,51,27.44,5.9,48.85,298.11,0.676,0.282,0.637,0.115,22
iq,2005,52,31.98,7.46,39.1,304.06,0.498,0.747,0.783,0.489,19
iq,2006,1,31.72,5.54,60.56,300.34,0.314,0.558,0.704,0.765,19
iq,2006,2,26.29,7.58,81.56,296.2,0.414,0.338,0.654,0.262,11
iq,2006,3,24.1,5.98,28.53,294.9,0.359,0.774,0.424,0.413,15
iq,2006,4,34.48,6.24,12.14,304.57,0.336,0.162,0.49,0.271,23
iq,2006,5,28.08,6.79,61.48,298.38,0.849,0.649,0.543,0.75,19
iq,2006,6,16.27,7.22,22.3,288.21,0.139,0.604,0.218,0.424,18
iq,2006,7,23.12,6.15,0.0,294.58,0.7,0.438,0.421,0.371,14
iq,2006,8,20.8,8.34,37.96,292.6,0.372,0.432,0.602,0.776,16
iq,2006,9,34.2,6.17,53.01,302.47,0.267,0.164,0.693,0.28,17
iq,2006,10,18.57,7.07,22.17,291.3,0.78,0.459,0.228,0.345,12
iq,2006,11,24.93,7.22,21.55,294.37,0.136,0.182,0.618,0.204,11
iq,2006,12,26.04,8.81,20.05,296.93,0.757,0.239,0.299,0.241,20
iq,2006,13,28.83,6.51,62.39,300.06,0.763,0.646,0.691,0.154,21
iq,2006,14,30.5,6.05,31.83,302.88,0.626,0.791,0.55,0.27,24
iq,2006,15,27.36,7.0,35.95,298.68,0.406,0.188,0.596,0.544,19
iq,2006,16,24.71,6.89,47.29,297.84,0.652,0.19,0.601,0.234,11
iq,2006,17,26.17,7.43,0.0,297.39,0.562,0.68,0.334,0.16,12
iq,2006,18,26.18,7.56,37.47,297.4,0.379,0.587,0.158,0.461,11
iq,2006,19,25.05,6.29,18.56,298.14,0.146,0.845,0.141,0.719,19
iq,2006,20,30.81,7.56,0.0,301.98,0.694,0.159,0.475,0.584,23
iq,2006,21,33.35,9.75,34.93,304.78,0.447,0.685,0.28,0.25,20
iq,2006,22,28.11,9.47,85.9,299.03,0.52,0.759,0.508,0.315,10
iq,2006,23,22.48,6.94,23.6,292.78,0.339,0.34,0.819,0.253,8
iq,2006,24,25.34,7.54,30.62,297.63,0.169,0.553,0.476,0.158,22
iq,2006,25,24.17,9.21,21.61,296.73,0.726,0.371,0.223,0.514,16
iq,2006,26,31.73,7.52,3.97,302.76,0.475,0.841,0.819,0.737,22
iq,2006,27,25.41,7.49,40.43,297.67,0.403,0.54,0.521,0.232,11
iq,2006,28,33.1,7.66,54.08,302.79,0.364,0.351,0.484,0.745,14
iq,2006,29,27.63,6.88,10.98,300.88,0.556,0.817,0.41,0.411,11
iq,2006,30,13.67,10.41,39.58,285.16,0.56,0.236,0.345,0.247,16
iq,2006,31,31.73,6.72,16.8,304.1,0.14,0.414,0.13,0.21,18
iq,2006,32,26.92,7.77,63.95,299.91,0.719,0.445,0.762,0.33,20
iq,2006,33,31.04,8.56,34.2,301.36,0.147,0.149,0.774,0.326,20
iq,2006,34,26.97,6.42,45.85,297.82,0.35,0.289,0.205,0.63,13
iq,2006,35,22.95,5.51,0.0,293.68,0.753,0.61,0.729,0.637,19
iq,2006,36,25.37,8.02,77.39,295.99,0.607,0.379,0.485,0.241,13
iq,2006,37,30.3,6.89,44.92,299.84,0.482,0.712,0.807,0.641,12
iq,2006,38,38.8,6.4,64.13,308.41,0.219,0.156,0.765,0.199,27
iq,2006,39,29.28,5.72,16.29,300.49,0.737,0.341,0.305,0.301,8
iq,2006,40,24.81,7.17,32.65,296.51,0.507,0.728,0.82,0.375,10
iq,2006,41,25.03,8.94,23.98,295.62,0.104,0.47,0.418,0.59,14
iq,2006,42,30.41,6.98,9.75,300.4,0.668,0.399,0.356,0.129,11
iq,2006,43,27.2,8.26,89.63,298.05,0.734,0.568,0.568,0.193,21
iq,2006,44,24.7,8.97,2.82,293.89,0.652,0.178,0.12,0.121,12
iq,2006,45,22.64,7.63,0.0,293.48,0.395,0.489,0.49,0.453,13
iq,2006,46,26.25,7.15,23.47,295.24,0.538,0.192,0.299,0.365,13
iq,2006,47,27.32,7.98,0.0,298.15,0.774,0.694,0.157,0.643,21
iq,2006,48,25.47,8.49,0.0,295.0,0.281,0.474,0.223,0.692,21
iq,2006,49,29.18,7.9,68.38,300.07,0.59,0.2,0.745,0.532,13
iq,2006,50,28.17,9.22,0.0,301.23,0.545,0.737,0.508,0.431,13
iq,2006,51,22.83,5.85,63.32,294.78,0.545,0.724,0.845,0.342,9
iq,2006,52,29.79,8.05,47.53,300.31,0.673,0.35,0.387,0.749,15
iq,2007,1,21.03,7.76,79.24,292.38,0.603,0.413,0.305,0.385,16
iq,2007,2,19.57,8.57,35.98,290.51,0.845,0.243,0.176,0.579,14
iq,2007,3,25.88,5.85,37.5,297.4,0.683,0.743,0.209,0.353,12
iq,2007,4,33.61,6.36,62.01,303.61,0.605,0.717,0.326,0.257,22
iq,2007,5,26.39,5.73,29.15,296.39,0.483,0.68,0.632,0.784,10
iq,2007,6,17.19,6.75,57.87,287.58,0.362,0.354,0.726,0.416,15
iq,2007,7,22.23,8.9,14.88,294.36,0.591,0.209,0.846,0.679,15
iq,2007,8,26.37,8.06,22.74,296.59,0.767,0.442,0.602,0.431,19
iq,2007,9,27.85,7.41,0.0,297.94,0.809,0.48,0.373,0.403,17
iq,2007,10,21.42,8.7,0.0,291.73,0.302,0.547,0.592,0.252,18
iq,2007,11,27.06,8.09,12.97,298.91,0.498,0.715,0.71,0.392,21
iq,2007,12,25.82,9.0,47.69,296.85,0.16,0.447,0.589,0.561,9
iq,2007,13,20.98,8.56,52.66,291.4,0.639,0.533,0.838,0.171,16
iq,2007,14,30.86,7.21,19.35,303.42,0.619,0.625,0.236,0.743,17
iq,2007,15,18.87,6.16,4.01,287.97,0.635,0.535,0.418,0.845,12
iq,2007,16,28.04,7.22,45.0,299.47,0.669,0.745,0.186,0.566,19
iq,2007,17,27.79,5.85,7.31,299.28,0.536,0.422,0.455,0.152,9
iq,2007,18,25.75,7.36,74.79,296.88,0.48,0.356,0.587,0.27,4
iq,2007,19,33.37,8.45,20.11,305.25,0.498,0.533,0.624,0.579,17
iq,2007,20,27.67,9.04,34.75,298.41,0.232,0.602,0.653,0.467,16
iq,2007,21,24.05,7.63,44.5,294.64,0.655,0.606,0.605,0.558,17
iq,2007,22,22.68,9.29,80.62,294.84,0.848,0.465,0.643,0.583,14
iq,2007,23,23.03,8.38,71.47,293.98,0.591,0.622,0.314,0.453,12
iq,2007,24,24.37,7.52,19.75,296.8,0.431,0.3,0.746,0.494,23
iq,2007,25,26.44,7.75,53.97,297.54,0.501,0.44,0.462,0.677,18
iq,2007,26,24.36,7.51,34.89,294.59,0.769,0.279,0.34,0.267,17
iq,2007,27,22.83,9.17,138.78,295.17,0.535,0.364,0.688,0.229,14
iq,2007,28,20.91,8.67,33.56,292.16,0.383,0.694,0.129,0.136,17
iq,2007,29,21.67,8.19,51.52,291.53,0.398,0.833,0.181,0.697,11
iq,2007,30,27.63,6.98,36.67,298.86,0.387,0.814,0.176,0.417,17
iq,2007,31,25.1,6.11,0.0,295.58,0.404,0.555,0.77,0.738,23
iq,2007,32,18.64,8.36,38.66,290.21,0.837,0.431,0.656,0.624,11
iq,2007,33,24.58,6.0,48.02,295.32,0.691,0.547,0.205,0.577,23
iq,2007,34,25.71,6.26,16.74,296.47,0.28,0.284,0.239,0.574,11
iq,2007,35,24.77,7.22,55.37,297.73,0.162,0.844,0.734,0.595,20
iq,2007,36,26.59,6.48,58.41,297.94,0.665,0.284,0.29,0.182,21
iq,2007,37,27.15,9.76,49.3,299.75,0.806,0.341,0.178,0.28,10
iq,2007,38,25.99,7.76,28.78,296.54,0.438,0.247,0.234,0.325,11
iq,2007,39,23.35,8.18,25.82,294.41,0.743,0.372,0.208,0.704,8
iq,2007,40,33.65,5.2,41.97,303.59,0.156,0.843,0.231,0.291,16
iq,2007,41,25.64,5.87,72.83,296.19,0.77,0.145,0.393,0.141,19
iq,2007,42,27.0,9.38,54.81,298.29,0.592,0.56,0.778,0.458,16
iq,2007,43,21.54,7.49,38.46,292.88,0.339,0.751,0.479,0.499,18
iq,2007,44,30.39,8.66,15.07,300.99,0.191,0.626,0.553,0.387,19
iq,2007,45,25.64,7.24,61.38,296.18,0.792,0.518,0.369,0.782,16
iq,2007,46,31.1,9.1,0.0,302.9,0.344,0.427,0.226,0.823,11
iq,2007,47,22.54,6.8,0.0,293.38,0.517,0.846,0.422,0.843,10
iq,2007,48,27.74,7.48,7.95,298.24,0.765,0.675,0.571,0.214,10
iq,2007,49,26.01,10.56,25.31,297.49,0.472,0.393,0.39,0.187,23
iq,2007,50,27.71,6.93,30.27,297.43,0.557,0.584,0.623,0.178,15
iq,2007,51,29.37,8.07,0.0,301.21,0.574,0.33,0.386,0.639,10
iq,2007,52,24.86,7.69,61.85,295.19,0.714,0.325,0.598,0.162,23
iq,2008,1,23.05,8.94,18.01,293.3,0.49,0.46,0.663,0.72,19
iq,2008,2,26.82,5.47,44.8,298.13,0.142,0.407,0.679,0.248,18
iq,2008,3,24.76,8.05,25.59,297.55,0.178,0.734,0.636,0.19,33
iq,2008,4,26.16,7.26,0.0,298.47,0.161,0.45,0.846,0.307,18
iq,2008,5,34.42,7.08,23.63,306.68,0.349,0.43,0.767,0.349,18
iq,2008,6,22.78,8.81,37.54,296.26,0.393,0.109,0.23,0.211,11
iq,2008,7,24.97,5.59,33.17,294.06,0.209,0.21,0.292,0.503,20
iq,2008,8,22.4,7.82,41.54,293.38,0.346,0.349,0.211,0.697,8
iq,2008,9,28.74,6.68,20.8,299.36,0.357,0.839,0.618,0.641,18
iq,2008,10,29.0,8.13,82.07,300.06,0.482,0.757,0.557,0.475,27
iq,2008,11,22.73,8.14,45.35,293.7,0.284,0.827,0.674,0.605,13
iq,2008,12,23.61,5.85,67.64,294.41,0.623,0.496,0.413,0.164,11
iq,2008,13,26.93,7.9,45.62,299.17,0.103,0.334,0.672,0.413,17
iq,2008,14,29.67,9.32,3.37,300.92,0.227,0.135,0.207,0.752,13
iq,2008,15,25.42,6.15,54.74,296.15,0.598,0.499,0.592,0.13,14
iq,2008,16,21.04,5.83,39.56,291.43,0.354,0.62,0.637,0.266,17
iq,2008,17,25.15,4.31,6.58,296.18,0.216,0.441,0.759,0.437,18
iq,2008,18,28.97,8.78,46.47,300.98,0.786,0.474,0.241,0.462,21
iq,2008,19,29.01,8.08,51.88,298.08,0.447,0.411,0.178,0.372,17
iq,2008,20,28.29,7.88,44.15,298.38,0.302,0.58,0.618,0.326,11
iq,2008,21,20.9,7.63,100.28,293.69,0.436,0.809,0.176,0.76,21
iq,2008,22,24.16,7.18,48.8,294.16,0.756,0.477,0.446,0.565,13
iq,2008,23,23.71,10.07,17.87,292.71,0.139,0.499,0.229,0.566,24
iq,2008,24,24.53,6.71,24.57,294.42,0.215,0.109,0.236,0.242,20
iq,2008,25,23.78,6.94,44.71,296.32,0.523,0.386,0.241,0.539,15
iq,2008,26,26.13,8.17,5.33,297.29,0.268,0.381,0.17,0.544,19
iq,2008,27,24.07,7.84,15.69,293.5,0.496,0.255,0.587,0.544,18
iq,2008,28,28.12,7.17,37.07,301.01,0.784,0.102,0.578,0.234,15
iq,2008,29,23.98,7.33,15.24,295.24,0.588,0.767,0.848,0.436,13
iq,2008,30,29.09,5.82,61.14,300.19,0.172,0.114,0.508,0.41,23
iq,2008,31,24.06,5.27,66.8,294.96,0.6,0.554,0.708,0.437,14
iq,2008,32,23.9,6.18,19.49,295.06,0.271,0.401,0.697,0.2,20
iq,2008,33,25.97,6.36,8.68,297.39,0.316,0.187,0.285,0.26,20
iq,2008,34,28.37,7.16,72.51,300.14,0.59,0.526,0.825,0.455,24
iq,2008,35,22.7,8.47,91.04,293.63,0.235,0.428,0.76,0.262,17
iq,2008,36,24.88,9.05,28.96,295.86,0.274,0.264,0.652,0.16,18
iq,2008,37,24.19,7.44,21.79,294.28,0.103,0.254,0.293,0.627,16
iq,2008,38,25.44,7.02,11.66,295.84,0.401,0.514,0.804,0.28,19
iq,2008,39,29.24,7.67,37.32,300.92,0.235,0.519,0.382,0.453,16
iq,2008,40,24.3,8.64,19.37,294.68,0.342,0.514,0.162,0.509,16
iq,2008,41,23.8,7.92,82.19,294.58,0.501,0.383,0.571,0.479,25
iq,2008,42,24.85,6.41,60.35,296.09,0.302,0.355,0.66,0.805,15
iq,2008,43,23.65,6.39,67.85,296.65,0.609,0.785,0.572,0.287,18
iq,2008,44,23.09,4.67,25.99,296.09,0.22,0.234,0.553,0.663,17
iq,2008,45,23.14,8.59,36.52,294.65,0.58,0.753,0.687,0.374,18
iq,2008,46,21.1,7.72,25.16,292.39,0.653,0.784,0.789,0.218,13
iq,2008,47,24.55,9.21,35.32,296.35,0.219,0.696,0.518,0.458,20
iq,2008,48,29.05,5.88,41.18,300.02,0.311,0.653,0.351,0.647,28
iq,2008,49,18.29,8.59,38.97,289.91,0.494,0.467,0.527,0.487,13
iq,2008,50,24.15,7.72,38.88,295.69,0.244,0.42,0.2,0.671,14
iq,2008,51,20.85,7.12,7.71,292.75,0.815,0.344,0.518,0.626,11
iq,2008,52,29.79,8.37,56.22,300.71,0.305,0.793,0.206,0.555,16
iq,2009,1,30.74,7.98,79.86,301.18,0.835,0.337,0.126,0.207,13
iq,2009,2,19.99,6.98,25.14,291.23,0.326,0.531,0.8,0.319,15
iq,2009,3,29.21,7.47,40.11,299.66,0.502,0.639,0.623,0.603,17
iq,2009,4,19.11,7.09,71.22,290.22,0.597,0.273,0.592,0.485,11
iq,2009,5,26.68,6.23,43.3,299.03,0.321,0.171,0.119,0.83,11
iq,2009,6,33.24,8.19,18.05,304.63,0.801,0.175,0.283,0.745,17
iq,2009,7,20.87,6.6,38.95,292.25,0.254,0.536,0.733,0.159,20
iq,2009,8,22.09,6.14,50.89,293.2,0.531,0.211,0.796,0.698,12
iq,2009,9,25.63,6.7,1.41,297.51,0.421,0.64,0.443,0.196,10
iq,2009,10,25.29,6.35,31.36,297.28,0.121,0.452,0.139,0.348,20
iq,2009,11,20.96,6.21,33.26,294.25,0.352,0.633,0.685,0.684,12
iq,2009,12,24.57,5.51,34.39,296.62,0.574,0.756,0.137,0.519,18
iq,2009,13,24.93,7.68,77.89,296.61,0.791,0.811,0.32,0.638,20
iq,2009,14,25.28,8.36,0.0,298.03,0.734,0.32,0.498,0.244,14
iq,2009,15,27.02,8.05,61.46,299.58,0.22,0.657,0.201,0.38,18
iq,2009,16,26.72,8.1,34.2,298.29,0.316,0.476,0.847,0.525,16
iq,2009,17,21.5,7.1,20.93,291.92,0.698,0.132,0.563,0.633,27
iq,2009,18,26.42,8.01,18.51,297.14,0.526,0.524,0.76,0.281,12
iq,2009,19,26.3,7.81,28.23,297.69,0.229,0.776,0.188,0.118,21
iq,2009,20,24.91,8.16,56.95,295.87,0.335,0.178,0.616,0.339,22
iq,2009,21,31.36,7.12,56.11,303.94,0.72,0.308,0.189,0.569,20
iq,2009,22,22.74,7.24,108.09,295.6,0.644,0.689,0.816,0.211,23
iq,2009,23,20.61,6.26,39.31,291.86,0.314,0.317,0.795,0.215,23
iq,2009,24,32.49,6.67,39.83,303.29,0.793,0.234,0.253,0.812,12
iq,2009,25,28.21,9.1,56.44,298.63,0.53,0.455,0.657,0.844,15
iq,2009,26,22.43,7.23,0.0,293.16,0.434,0.556,0.722,0.486,15
iq,2009,27,27.42,7.59,17.48,298.7,0.197,0.28,0.501,0.787,15
iq,2009,28,28.71,6.32,11.28,299.61,0.56,0.694,0.676,0.467,21
iq,2009,29,34.94,6.89,9.71,305.92,0.396,0.722,0.733,0.126,20
iq,2009,30,23.69,8.73,0.0,293.7,0.396,0.62,0.784,0.126,17
iq,2009,31,19.66,8.38,30.03,291.74,0.702,0.385,0.765,0.366,20
iq,2009,32,26.52,6.59,26.75,295.78,0.419,0.533,0.539,0.419,20
iq,2009,33,22.69,9.45,86.69,294.0,0.274,0.233,0.617,0.437,16
iq,2009,34,24.88,6.47,12.54,297.17,0.181,0.151,0.376,0.455,13
iq,2009,35,26.26,9.74,83.96,297.38,0.103,0.622,0.798,0.566,12
iq,2009,36,32.95,7.06,0.0,305.38,0.833,0.155,0.212,0.723,13
iq,2009,37,24.59,5.32,20.48,296.45,0.401,0.514,0.328,0.806,14
iq,2009,38,26.98,6.62,26.21,298.12,0.596,0.209,0.514,0.282,17
iq,2009,39,34.05,9.27,22.37,305.92,0.311,0.569,0.465,0.647,18
iq,2009,40,35.93,7.06,0.0,305.67,0.469,0.671,0.393,0.502,11
iq,2009,41,27.88,7.38,45.88,299.37,0.409,0.638,0.373,0.659,23
iq,2009,42,23.3,7.51,14.62,293.14,0.139,0.148,0.179,0.727,16
iq,2009,43,27.61,7.97,41.35,298.1,0.8,0.249,0.565,0.579,19
iq,2009,44,27.09,8.44,0.0,297.97,0.187,0.798,0.182,0.256,14
iq,2009,45,23.24,7.44,21.56,294.39,0.403,0.12,0.823,0.213,16
iq,2009,46,29.97,7.29,39.04,301.89,0.782,0.711,0.411,0.431,25
iq,2009,47,27.61,8.99,53.04,298.32,0.314,0.572,0.238,0.327,18
iq,2009,48,33.94,6.71,82.59,305.49,0.197,0.189,0.475,0.365,20
iq,2009,49,22.59,9.03,75.79,293.94,0.239,0.171,0.157,0.665,12
iq,2009,50,31.67,9.8,37.87,302.55,0.721,0.1,0.5,0.295,18
iq,2009,51,25.24,7.28,27.06,295.95,0.645,0.363,0.47,0.392,21
iq,2009,52,23.17,6.4,9.19,294.07,0.516,0.601,0.591,0.261,17
iq,2010,1,25.32,6.51,18.58,293.44,0.443,0.514,0.604,0.59,20
iq,2010,2,30.76,8.24,2.56,301.28,0.198,0.335,0.844,0.218,16
iq,2010,3,29.5,5.64,36.45,300.38,0.671,0.11,0.405,0.286,21
iq,2010,4,20.06,8.07,23.82,290.79,0.371,0.224,0.269,0.354,11
iq,2010,5,25.41,8.33,18.31,296.09,0.326,0.567,0.77,0.266,14
iq,2010,6,21.29,7.46,0.0,290.9,0.83,0.59,0.778,0.825,18
iq,2010,7,24.63,9.36,30.38,295.83,0.426,0.271,0.486,0.593,18
iq,2010,8,30.34,6.77,29.83,301.28,0.53,0.611,0.11,0.684,14
iq,2010,9,30.06,8.31,38.35,301.93,0.247,0.117,0.684,0.838,21
iq,2010,10,24.29,7.55,16.73,295.52,0.295,0.438,0.442,0.339,16
iq,2010,11,21.31,6.32,63.69,292.06,0.146,0.144,0.218,0.736,20
iq,2010,12,35.58,5.43,14.55,306.48,0.649,0.652,0.703,0.517,16
iq,2010,13,22.87,9.29,28.91,293.9,0.325,0.827,0.384,0.281,15
iq,2010,14,23.45,7.77,40.53,294.38,0.127,0.608,0.802,0.781,12
iq,2010,15,25.03,9.74,33.42,295.04,0.266,0.118,0.594,0.424,14
iq,2010,16,31.59,6.24,27.68,304.14,0.68,0.179,0.149,0.786,13
iq,2010,17,33.62,5.68,0.0,303.98,0.156,0.467,0.231,0.555,13
iq,2010,18,27.46,9.13,48.47,298.15,0.276,0.324,0.761,0.398,15
iq,2010,19,26.11,8.16,75.67,297.45,0.439,0.357,0.83,0.462,29
iq,2010,20,31.17,8.72,0.0,301.47,0.348,0.326,0.345,0.189,22
iq,2010,21,26.59,7.68,25.88,296.68,0.195,0.764,0.147,0.41,19
iq,2010,22,24.5,5.77,46.93,295.78,0.697,0.538,0.461,0.141,17
iq,2010,23,24.85,6.38,61.93,294.9,0.653,0.21,0.284,0.588,20
iq,2010,24,26.08,8.47,51.55,298.33,0.585,0.667,0.812,0.362,13
iq,2010,25,26.82,7.6,15.29,297.71,0.212,0.492,0.844,0.241,16
iq,2010,26,21.96,7.64,44.02,292.8,0.63,0.722,0.331,0.525,12
iq,2010,27,23.9,7.63,51.7,294.71,0.714,0.376,0.377,0.663,17
iq,2010,28,21.09,5.5,15.93,292.83,0.53,0.557,0.727,0.506,11
iq,2010,29,30.13,9.0,85.14,299.66,0.548,0.689,0.156,0.252,27
iq,2010,30,30.17,8.77,24.7,301.22,0.776,0.182,0.833,0.224,15
iq,2010,31,23.48,5.29,60.18,293.35,0.309,0.216,0.691,0.146,11
iq,2010,32,19.98,9.37,0.0,290.78,0.151,0.696,0.382,0.601,18
iq,2010,33,24.15,7.34,65.49,296.21,0.147,0.819,0.611,0.506,22
iq,2010,34,22.44,9.06,48.24,292.45,0.307,0.595,0.579,0.492,20
iq,2010,35,26.42,7.82,19.53,297.76,0.194,0.697,0.45,0.343,22
iq,2010,36,14.56,8.78,54.67,285.16,0.267,0.25,0.591,0.109,14
iq,2010,37,21.06,7.06,61.99,294.09,0.107,0.631,0.558,0.514,19
iq,2010,38,26.93,8.43,29.37,298.92,0.807,0.175,0.664,0.261,23
iq,2010,39,25.61,5.94,26.67,296.45,0.273,0.696,0.567,0.671,10
iq,2010,40,23.37,7.1,8.68,294.59,0.35,0.239,0.815,0.462,17
iq,2010,41,18.77,8.26,17.67,289.43,0.687,0.328,0.534,0.795,16
iq,2010,42,25.9,6.55,0.0,298.0,0.513,0.847,0.468,0.348,17
iq,2010,43,21.17,7.72,28.84,294.54,0.344,0.226,0.484,0.343,14
iq,2010,44,26.39,9.16,0.0,296.69,0.243,0.349,0.22,0.36,13
iq,2010,45,30.26,6.71,100.73,301.6,0.192,0.68,0.146,0.448,29
iq,2010,46,32.01,8.63,14.3,303.01,0.586,0.214,0.581,0.289,20
iq,2010,47,26.96,5.11,10.17,296.33,0.445,0.603,0.114,0.779,18
iq,2010,48,27.51,7.44,55.57,299.62,0.483,0.378,0.809,0.576,19
iq,2010,49,26.28,10.42,22.8,297.43,0.745,0.432,0.226,0.532,19
iq,2010,50,24.79,9.55,50.82,293.72,0.805,0.419,0.244,0.415,17
iq,2010,51,26.84,7.94,49.39,299.49,0.597,0.383,0.352,0.364,27
iq,2010,52,27.73,7.81,35.46,301.05,0.426,0.732,0.221,0.546,21
iq,2011,1,21.91,9.27,62.25,294.65,0.212,0.571,0.43,0.746,13
iq,2011,2,20.16,7.65,23.98,291.06,0.23,0.554,0.338,0.679,9
iq,2011,3,23.62,7.26,49.65,295.09,0.557,0.822,0.168,0.627,19
iq,2011,4,25.37,7.93,34.36,297.07,0.297,0.705,0.847,0.783,14
iq,2011,5,27.93,7.08,60.57,299.28,0.409,0.107,0.273,0.132,17
iq,2011,6,28.91,6.8,23.25,299.54,0.481,0.185,0.549,0.64,19
iq,2011,7,32.23,7.3,67.49,303.36,0.284,0.469,0.465,0.302,18
iq,2011,8,23.94,7.89,59.28,295.0,0.746,0.439,0.723,0.435,16
iq,2011,9,30.07,7.67,43.45,299.59,0.419,0.771,0.772,0.494,16
iq,2011,10,25.03,6.94,89.51,297.09,0.246,0.459,0.364,0.478,24
iq,2011,11,26.82,7.94,33.07,297.85,0.459,0.228,0.666,0.391,15
iq,2011,12,23.94,5.21,0.0,294.63,0.482,0.14,0.802,0.409,15
iq,2011,13,31.48,6.17,41.09,300.72,0.177,0.85,0.571,0.15,20
iq,2011,14,22.74,7.54,35.93,293.1,0.847,0.601,0.485,0.398,14
iq,2011,15,32.65,6.59,62.52,304.35,0.458,0.672,0.411,0.739,17
iq,2011,16,26.79,7.37,0.0,296.33,0.255,0.144,0.694,0.706,16
iq,2011,17,27.81,7.73,57.58,299.81,0.572,0.27,0.392,0.664,18
iq,2011,18,33.71,8.3,61.21,303.82,0.701,0.715,0.321,0.118,19
iq,2011,19,22.82,7.28,62.83,292.46,0.782,0.55,0.301,0.705,15
iq,2011,20,18.52,7.32,3.42,289.66,0.518,0.372,0.386,0.283,11
iq,2011,21,18.3,9.45,8.77,290.83,0.608,0.281,0.129,0.725,20
iq,2011,22,28.96,5.47,46.47,299.93,0.383,0.319,0.375,0.715,21
iq,2011,23,27.62,7.43,23.79,297.09,0.491,0.647,0.648,0.665,16
iq,2011,24,22.15,5.79,0.54,294.63,0.784,0.329,0.734,0.333,16
iq,2011,25,30.06,5.9,17.17,301.52,0.845,0.803,0.423,0.135,15
iq,2011,26,22.61,6.86,40.39,295.03,0.488,0.382,0.192,0.179,11
iq,2011,27,26.12,7.6,0.0,295.12,0.82,0.667,0.584,0.658,19
iq,2011,28,32.96,6.75,51.79,304.3,0.303,0.366,0.421,0.535,20
iq,2011,29,27.53,7.48,69.3,298.97,0.106,0.163,0.473,0.241,18
iq,2011,30,24.22,8.03,40.3,295.33,0.695,0.295,0.794,0.497,10
iq,2011,31,28.17,8.09,63.93,300.34,0.677,0.267,0.388,0.623,18
iq,2011,32,28.55,6.66,82.05,299.95,0.613,0.305,0.457,0.311,17
iq,2011,33,27.08,7.97,10.09,296.57,0.776,0.318,0.749,0.818,22
iq,2011,34,36.72,11.22,0.0,305.67,0.288,0.694,0.48,0.233,23
iq,2011,35,23.83,7.26,56.09,294.49,0.586,0.702,0.305,0.435,23
iq,2011,36,27.22,7.99,13.38,299.71,0.655,0.81,0.474,0.568,22
iq,2011,37,22.57,8.67,10.97,293.65,0.508,0.683,0.728,0.299,17
iq,2011,38,31.97,5.55,27.84,302.58,0.446,0.161,0.465,0.728,20
iq,2011,39,29.22,7.14,21.29,301.09,0.653,0.727,0.144,0.694,24
iq,2011,40,27.99,5.9,50.36,300.17,0.504,0.787,0.756,0.646,24
iq,2011,41,26.26,6.12,55.51,295.78,0.695,0.49,0.165,0.301,15
iq,2011,42,26.23,6.76,68.45,297.58,0.421,0.338,0.739,0.815,21
iq,2011,43,29.48,8.62,27.47,301.62,0.248,0.434,0.809,0.539,20
iq,2011,44,22.7,7.86,67.76,295.1,0.347,0.557,0.538,0.408,20
iq,2011,45,33.62,7.63,48.56,305.76,0.102,0.443,0.41,0.731,21
iq,2011,46,29.21,6.85,13.4,301.74,0.724,0.734,0.573,0.504,17
iq,2011,47,29.96,8.3,31.79,302.66,0.438,0.235,0.659,0.623,19
iq,2011,48,29.1,6.12,6.83,298.95,0.763,0.412,0.549,0.756,17
iq,2011,49,25.62,8.92,85.32,297.22,0.818,0.593,0.57,0.309,26
iq,2011,50,25.29,8.46,47.78,298.26,0.126,0.234,0.707,0.462,27
iq,2011,51,15.76,6.29,75.06,287.27,0.534,0.617,0.747,0.352,14
iq,2011,52,18.91,7.0,66.98,290.32,0.275,0.564,0.158,0.126,8
iq,2012,1,24.19,8.26,67.26,294.96,0.55,0.327,0.424,0.39,15
iq,2012,2,26.39,7.28,61.76,299.77,0.104,0.663,0.53,0.171,12
iq,2012,3,27.41,7.78,59.01,299.39,0.294,0.682,0.756,0.788,20
iq,2012,4,23.3,10.48,54.08,293.33,0.313,0.562,0.779,0.468,18
iq,2012,5,18.98,5.76,48.42,289.91,0.501,0.406,0.35,0.139,17
iq,2012,6,27.39,7.19,17.38,296.55,0.593,0.199,0.246,0.636,12
iq,2012,7,26.39,9.47,52.62,297.43,0.334,0.574,0.384,0.623,16
iq,2012,8,30.76,7.87,25.77,300.2,0.743,0.656,0.41,0.256,26
iq,2012,9,24.68,6.37,0.0,293.72,0.181,0.194,0.399,0.625,14
iq,2012,10,29.83,7.52,27.54,301.11,0.21,0.624,0.379,0.631,14
iq,2012,11,26.02,8.06,0.0,295.42,0.628,0.614,0.566,0.648,10
iq,2012,12,19.02,9.21,44.95,289.84,0.529,0.375,0.6,0.558,17
iq,2012,13,27.61,6.84,32.61,298.18,0.326,0.802,0.345,0.115,12
iq,2012,14,24.54,6.7,48.59,296.28,0.136,0.452,0.69,0.606,22
iq,2012,15,26.06,6.38,53.47,296.6,0.334,0.17,0.674,0.629,14
iq,2012,16,18.76,4.1,10.61,290.19,0.177,0.796,0.466,0.77,15
iq,2012,17,25.57,8.51,35.53,296.5,0.817,0.826,0.584,0.575,18
iq,2012,18,24.65,8.98,8.82,297.24,0.326,0.245,0.701,0.823,22
iq,2012,19,28.07,6.15,8.3,299.49,0.312,0.785,0.56,0.37,23
iq,2012,20,29.29,7.57,45.07,301.04,0.116,0.321,0.14,0.417,23
iq,2012,21,28.7,7.92,1.52,299.61,0.327,0.488,0.797,0.849,21
iq,2012,22,25.07,7.11,31.92,296.47,0.838,0.835,0.342,0.281,13
iq,2012,23,35.75,7.03,67.26,307.98,0.308,0.683,0.342,0.453,23
iq,2012,24,28.15,6.42,26.78,299.41,0.438,0.795,0.837,0.681,25
iq,2012,25,27.82,6.26,45.68,299.22,0.656,0.641,0.752,0.519,25
iq,2012,26,20.3,9.14,23.29,293.07,0.832,0.109,0.345,0.357,13
iq,2012,27,23.78,5.99,0.0,295.51,0.208,0.558,0.492,0.836,16
iq,2012,28,22.82,9.59,51.46,293.21,0.711,0.222,0.584,0.653,17
iq,2012,29,25.77,7.82,2.99,297.32,0.641,0.209,0.792,0.314,18
iq,2012,30,33.76,8.45,0.0,303.14,0.184,0.845,0.349,0.362,16
iq,2012,31,21.01,7.92,30.1,291.93,0.462,0.141,0.72,0.185,12
iq,2012,32,28.83,8.54,22.57,300.8,0.166,0.533,0.64,0.196,21
iq,2012,33,28.42,5.04,19.62,299.86,0.754,0.787,0.164,0.645,13
iq,2012,34,27.63,6.96,73.28,297.67,0.508,0.829,0.592,0.541,16
iq,2012,35,30.03,8.41,89.5,302.3,0.239,0.594,0.134,0.498,23
iq,2012,36,28.18,7.42,7.52,297.81,0.559,0.223,0.656,0.499,17
iq,2012,37,18.6,7.25,6.66,289.01,0.306,0.66,0.479,0.361,18
iq,2012,38,25.44,7.09,20.12,295.4,0.714,0.369,0.449,0.818,23
iq,2012,39,26.71,9.26,33.5,296.65,0.702,0.307,0.765,0.125,17
iq,2012,40,25.76,9.98,65.01,297.74,0.157,0.47,0.244,0.34,15
iq,2012,41,25.03,6.34,61.43,296.86,0.675,0.286,0.789,0.104,18
iq,2012,42,20.35,6.61,12.68,291.79,0.748,0.767,0.474,0.518,14
iq,2012,43,19.38,6.42,62.4,288.46,0.144,0.608,0.312,0.152,16
iq,2012,44,25.52,7.66,18.85,296.81,0.795,0.3,0.753,0.109,10
iq,2012,45,26.51,6.59,41.17,296.04,0.133,0.538,0.385,0.782,17
iq,2012,46,33.78,8.17,70.64,304.72,0.418,0.524,0.755,0.274,27
iq,2012,47,30.55,9.12,20.18,300.96,0.149,0.411,0.351,0.562,7
iq,2012,48,32.26,5.75,76.49,303.72,0.548,0.658,0.614,0.307,25
iq,2012,49,35.66,6.39,3.41,307.08,0.278,0.616,0.331,0.214,14
iq,2012,50,24.23,7.43,15.95,294.8,0.514,0.802,0.752,0.532,15
iq,2012,51,25.37,10.09,9.31,296.36,0.108,0.673,0.164,0.18,18
iq,2012,52,32.34,9.1,93.12,304.7,0.229,0.734,0.412,0.756,11
iq,2013,1,28.23,6.68,47.81,299.17,0.168,0.38,0.361,0.583,20
iq,2013,2,24.47,7.91,37.51,295.82,0.56,0.402,0.123,0.267,20
iq,2013,3,23.04,6.0,0.0,293.82,0.387,0.279,0.179,0.604,15
iq,2013,4,31.56,7.97,45.56,301.45,0.723,0.171,0.777,0.12,20
iq,2013,5,24.56,8.28,41.99,296.71,0.587,0.234,0.698,0.431,21
iq,2013,6,26.48,5.87,40.5,296.84,0.645,0.377,0.228,0.341,23
iq,2013,7,30.09,7.43,54.03,300.58,0.503,0.647,0.68,0.364,22
iq,2013,8,28.41,6.97,0.0,300.91,0.524,0.77,0.554,0.119,19
iq,2013,9,23.56,10.06,0.0,293.13,0.736,0.783,0.21,0.236,14
iq,2013,10,22.14,8.48,51.52,294.71,0.177,0.327,0.705,0.47,12
iq,2013,11,24.97,6.98,54.11,296.37,0.328,0.711,0.69,0.427,23
iq,2013,12,33.38,7.19,0.0,305.92,0.776,0.667,0.602,0.712,22
iq,2013,13,19.05,7.89,65.15,290.36,0.455,0.233,0.261,0.735,7
iq,2013,14,24.2,6.28,8.4,296.44,0.484,0.537,0.768,0.17,14
iq,2013,15,30.66,9.2,4.45,301.6,0.523,0.744,0.752,0.702,12
iq,2013,16,20.94,8.16,60.14,292.07,0.584,0.721,0.709,0.137,15
iq,2013,17,26.62,6.83,35.07,296.02,0.637,0.57,0.168,0.375,18
iq,2013,18,26.84,8.54,56.52,298.19,0.677,0.238,0.496,0.34,20
iq,2013,19,27.49,7.96,95.13,300.3,0.556,0.722,0.265,0.575,17
iq,2013,20,27.31,6.2,45.21,297.29,0.278,0.448,0.737,0.255,25
iq,2013,21,24.21,6.88,12.13,294.1,0.414,0.305,0.527,0.209,20
iq,2013,22,24.27,8.35,43.58,294.56,0.416,0.69,0.144,0.696,17
iq,2013,23,23.77,6.22,25.11,296.02,0.809,0.135,0.437,0.371,26
iq,2013,24,29.92,8.66,90.3,300.31,0.261,0.55,0.699,0.339,18
iq,2013,25,25.45,6.75,0.0,296.67,0.247,0.246,0.588,0.181,18
iq,2013,26,24.4,7.42,5.24,296.3,0.77,0.301,0.132,0.522,12
iq,2013,27,28.75,6.86,45.23,301.16,0.448,0.13,0.715,0.266,13
iq,2013,28,23.09,6.78,19.58,293.7,0.664,0.803,0.171,0.213,17
iq,2013,29,32.36,9.17,24.71,303.11,0.745,0.335,0.663,0.664,16
iq,2013,30,24.96,7.58,19.34,295.84,0.68,0.101,0.476,0.238,18
iq,2013,31,25.96,7.78,28.97,298.11,0.659,0.199,0.679,0.591,23
iq,2013,32,25.77,6.83,54.12,297.75,0.567,0.65,0.313,0.553,21
iq,2013,33,22.06,7.9,19.46,292.45,0.321,0.536,0.19,0.666,12
iq,2013,34,29.39,5.3,61.13,299.93,0.227,0.329,0.806,0.465,15
iq,2013,35,25.07,5.74,71.22,296.53,0.177,0.339,0.663,0.15,19
iq,2013,36,25.63,6.38,23.31,298.53,0.832,0.706,0.193,0.81,21
iq,2013,37,30.05,7.9,19.69,300.74,0.404,0.643,0.169,0.644,18
iq,2013,38,30.74,9.85,73.92,300.16,0.835,0.192,0.251,0.707,16
iq,2013,39,22.74,7.31,16.26,293.69,0.316,0.548,0.75,0.373,19
iq,2013,40,23.38,7.72,8.01,293.32,0.644,0.556,0.345,0.157,23
iq,2013,41,24.57,6.85,55.22,295.57,0.732,0.612,0.103,0.524,13
iq,2013,42,32.93,6.48,31.81,302.77,0.257,0.834,0.51,0.224,18
iq,2013,43,20.57,7.07,42.32,290.93,0.771,0.652,0.172,0.401,17
iq,2013,44,31.49,9.71,17.66,302.53,0.612,0.773,0.706,0.525,16
iq,2013,45,25.98,6.04,10.26,296.47,0.654,0.348,0.815,0.127,15
iq,2013,46,27.65,7.83,45.19,299.28,0.179,0.535,0.268,0.261,19
iq,2013,47,32.26,7.6,60.32,303.92,0.261,0.795,0.717,0.299,31
iq,2013,48,28.63,7.42,20.11,298.69,0.518,0.771,0.281,0.228,16
iq,2013,49,30.79,6.08,52.58,304.79,0.282,0.205,0.422,0.722,17
iq,2013,50,27.59,8.81,20.78,298.94,0.482,0.395,0.76,0.641,22
iq,2013,51,30.11,8.31,8.94,301.36,0.362,0.479,0.815,0.562,16
iq,2013,52,30.21,7.18,24.36,303.1,0.487,0.459,0.793,0.299,16
