iso3,country_code_a2,year,month,pm25
AGO,,2018,1,15.534
AGO,,2018,2,17.203
AGO,,2018,3,25.31
AGO,,2018,4,18.163
AGO,,2018,5,15.175
AGO,,2018,6,15.221
AGO,,2018,7,11.543
AGO,,2018,8,3.0
AGO,,2018,9,5.821
AGO,,2018,10,9.757
AGO,,2018,11,11.284
AGO,,2018,12,16.13
AGO,,2019,1,15.682
AGO,,2019,2,18.886
AGO,,2019,3,22.306
AGO,,2019,4,23.736
AGO,,2019,5,19.202
AGO,,2019,6,14.774
AGO,,2019,7,12.913
AGO,,2019,8,8.83
AGO,,2019,9,8.873
AGO,,2019,10,7.567
AGO,,2019,11,13.53
AGO,,2019,12,13.446
AGO,,2020,1,13.095
AGO,,2020,2,16.84
AGO,,2020,3,20.248
AGO,,2020,4,18.291
AGO,,2020,5,15.312
AGO,,2020,6,15.131
AGO,,2020,7,12.212
AGO,,2020,8,10.506
AGO,,2020,9,8.136
AGO,,2020,10,12.258
AGO,,2020,11,10.492
AGO,,2020,12,12.441
AGO,,2021,1,16.883
AGO,,2021,2,19.642
AGO,,2021,3,19.207
AGO,,2021,4,17.91
AGO,,2021,5,14.096
AGO,,2021,6,14.159
AGO,,2021,7,9.316
AGO,,2021,8,10.116
AGO,,2021,9,9.839
AGO,,2021,10,7.778
AGO,,2021,11,11.424
AGO,,2021,12,15.239
AGO,,2022,1,21.307
AGO,,2022,2,13.981
AGO,,2022,3,15.719
AGO,,2022,4,21.65
AGO,,2022,5,13.688
AGO,,2022,6,15.513
AGO,,2022,7,10.412
AGO,,2022,8,10.654
AGO,,2022,9,7.363
AGO,,2022,10,10.324
AGO,,2022,11,12.438
AGO,,2022,12,13.025
AGO,,2023,1,18.237
AGO,,2023,2,21.998
AGO,,2023,3,19.507
AGO,,2023,4,17.175
AGO,,2023,5,17.07
AGO,,2023,6,13.719
AGO,,2023,7,10.576
AGO,,2023,8,9.372
AGO,,2023,9,8.809
AGO,,2023,10,9.857
AGO,,2023,11,8.103
AGO,,2023,12,16.857
ARG,,2018,1,15.795
ARG,,2018,2,16.641
ARG,,2018,3,18.877
ARG,,2018,4,20.724
ARG,,2018,5,16.06
ARG,,2018,6,17.658
ARG,,2018,7,12.51
ARG,,2018,8,10.628
ARG,,2018,9,11.092
ARG,,2018,10,10.145
ARG,,2018,11,12.7
ARG,,2018,12,22.37
ARG,,2019,1,16.773
ARG,,2019,2,15.302
ARG,,2019,3,17.878
ARG,,2019,4,19.369
ARG,,2019,5,21.845
ARG,,2019,6,16.39
ARG,,2019,7,13.222
ARG,,2019,8,10.645
ARG,,2019,9,13.69
ARG,,2019,10,11.622
ARG,,2019,11,11.175
ARG,,2019,12,14.862
ARG,,2020,1,18.971
ARG,,2020,2,22.402
ARG,,2020,3,18.454
ARG,,2020,4,18.425
ARG,,2020,5,24.836
ARG,,2020,6,14.391
ARG,,2020,7,13.561
ARG,,2020,8,7.535
ARG,,2020,9,10.422
ARG,,2020,10,11.161
ARG,,2020,11,14.088
ARG,,2020,12,10.708
ARG,,2021,1,15.156
ARG,,2021,2,19.739
ARG,,2021,3,23.883
ARG,,2021,4,22.516
ARG,,2021,5,24.465
ARG,,2021,6,11.296
ARG,,2021,7,14.996
ARG,,2021,8,12.796
ARG,,2021,9,11.165
ARG,,2021,10,10.384
ARG,,2021,11,9.157
ARG,,2021,12,12.806
ARG,,2022,1,18.315
ARG,,2022,2,18.656
ARG,,2022,3,22.191
ARG,,2022,4,19.136
ARG,,2022,5,21.644
ARG,,2022,6,16.848
ARG,,2022,7,16.058
ARG,,2022,8,9.97
ARG,,2022,9,8.519
ARG,,2022,10,15.834
ARG,,2022,11,16.431
ARG,,2022,12,15.077
ARG,,2023,1,11.494
ARG,,2023,2,15.797
ARG,,2023,3,19.264
ARG,,2023,4,19.795
ARG,,2023,5,19.903
ARG,,2023,6,18.319
ARG,,2023,7,11.864
ARG,,2023,8,17.013
ARG,,2023,9,10.484
ARG,,2023,10,12.594
ARG,,2023,11,10.475
ARG,,2023,12,15.21
AUS,,2018,1,18.383
AUS,,2018,2,17.689
AUS,,2018,3,21.77
AUS,,2018,4,16.125
AUS,,2018,5,18.014
AUS,,2018,6,11.763
AUS,,2018,7,15.217
AUS,,2018,8,10.082
AUS,,2018,9,9.981
AUS,,2018,10,9.002
AUS,,2018,11,12.127
AUS,,2018,12,17.998
AUS,,2019,1,16.74
AUS,,2019,2,16.791
AUS,,2019,3,17.174
AUS,,2019,4,20.881
AUS,,2019,5,16.098
AUS,,2019,6,10.559
AUS,,2019,7,15.272
AUS,,2019,8,10.766
AUS,,2019,9,10.311
AUS,,2019,10,6.237
AUS,,2019,11,14.311
AUS,,2019,12,11.825
AUS,,2020,1,17.134
AUS,,2020,2,20.927
AUS,,2020,3,19.445
AUS,,2020,4,23.66
AUS,,2020,5,14.453
AUS,,2020,6,16.148
AUS,,2020,7,7.644
AUS,,2020,8,6.121
AUS,,2020,9,8.923
AUS,,2020,10,6.682
AUS,,2020,11,15.085
AUS,,2020,12,14.338
AUS,,2021,1,22.694
AUS,,2021,2,19.495
AUS,,2021,3,18.216
AUS,,2021,4,18.297
AUS,,2021,5,16.894
AUS,,2021,6,14.444
AUS,,2021,7,12.965
AUS,,2021,8,10.317
AUS,,2021,9,8.932
AUS,,2021,10,10.392
AUS,,2021,11,12.743
AUS,,2021,12,16.663
AUS,,2022,1,18.489
AUS,,2022,2,20.348
AUS,,2022,3,21.298
AUS,,2022,4,20.272
AUS,,2022,5,17.203
AUS,,2022,6,17.73
AUS,,2022,7,13.148
AUS,,2022,8,11.257
AUS,,2022,9,6.266
AUS,,2022,10,10.834
AUS,,2022,11,14.297
AUS,,2022,12,14.038
AUS,,2023,1,17.333
AUS,,2023,2,18.523
AUS,,2023,3,22.09
AUS,,2023,4,18.851
AUS,,2023,5,17.926
AUS,,2023,6,12.413
AUS,,2023,7,11.216
AUS,,2023,8,10.337
AUS,,2023,9,12.455
AUS,,2023,10,8.416
AUS,,2023,11,6.058
AUS,,2023,12,16.589
BGD,,2018,1,23.209
BGD,,2018,2,19.487
BGD,,2018,3,23.322
BGD,,2018,4,19.168
BGD,,2018,5,19.4
BGD,,2018,6,14.295
BGD,,2018,7,10.711
BGD,,2018,8,8.034
BGD,,2018,9,13.61
BGD,,2018,10,9.028
BGD,,2018,11,18.812
BGD,,2018,12,16.111
BGD,,2019,1,17.513
BGD,,2019,2,16.697
BGD,,2019,3,19.277
BGD,,2019,4,17.638
BGD,,2019,5,17.205
BGD,,2019,6,20.653
BGD,,2019,7,10.111
BGD,,2019,8,12.196
BGD,,2019,9,5.898
BGD,,2019,10,12.57
BGD,,2019,11,18.052
BGD,,2019,12,13.816
BGD,,2020,1,22.539
BGD,,2020,2,17.365
BGD,,2020,3,18.282
BGD,,2020,4,18.434
BGD,,2020,5,21.205
BGD,,2020,6,17.211
BGD,,2020,7,10.596
BGD,,2020,8,7.564
BGD,,2020,9,8.125
BGD,,2020,10,10.251
BGD,,2020,11,13.455
BGD,,2020,12,14.428
BGD,,2021,1,14.383
BGD,,2021,2,17.933
BGD,,2021,3,15.475
BGD,,2021,4,20.59
BGD,,2021,5,18.703
BGD,,2021,6,16.078
BGD,,2021,7,11.448
BGD,,2021,8,9.81
BGD,,2021,9,8.942
BGD,,2021,10,14.83
BGD,,2021,11,16.928
BGD,,2021,12,14.592
BGD,,2022,1,19.636
BGD,,2022,2,17.156
BGD,,2022,3,21.682
BGD,,2022,4,19.084
BGD,,2022,5,18.802
BGD,,2022,6,15.053
BGD,,2022,7,9.272
BGD,,2022,8,14.398
BGD,,2022,9,12.624
BGD,,2022,10,10.645
BGD,,2022,11,13.56
BGD,,2022,12,17.699
BGD,,2023,1,16.027
BGD,,2023,2,17.624
BGD,,2023,3,28.007
BGD,,2023,4,17.443
BGD,,2023,5,17.375
BGD,,2023,6,14.795
BGD,,2023,7,10.965
BGD,,2023,8,10.052
BGD,,2023,9,10.195
BGD,,2023,10,11.616
BGD,,2023,11,15.203
BGD,,2023,12,13.116
BFA,,2018,1,17.044
BFA,,2018,2,17.99
BFA,,2018,3,15.473
BFA,,2018,4,20.148
BFA,,2018,5,18.858
BFA,,2018,6,9.983
BFA,,2018,7,10.36
BFA,,2018,8,9.755
BFA,,2018,9,5.389
BFA,,2018,10,8.407
BFA,,2018,11,10.406
BFA,,2018,12,14.891
BFA,,2019,1,19.42
BFA,,2019,2,24.057
BFA,,2019,3,14.064
BFA,,2019,4,13.742
BFA,,2019,5,16.037
BFA,,2019,6,12.502
BFA,,2019,7,16.977
BFA,,2019,8,12.987
BFA,,2019,9,9.218
BFA,,2019,10,8.006
BFA,,2019,11,10.464
BFA,,2019,12,14.214
BFA,,2020,1,21.05
BFA,,2020,2,19.03
BFA,,2020,3,15.027
BFA,,2020,4,18.861
BFA,,2020,5,15.308
BFA,,2020,6,9.583
BFA,,2020,7,11.628
BFA,,2020,8,11.975
BFA,,2020,9,7.212
BFA,,2020,10,12.258
BFA,,2020,11,7.533
BFA,,2020,12,15.829
BFA,,2021,1,10.933
BFA,,2021,2,15.74
BFA,,2021,3,25.587
BFA,,2021,4,19.827
BFA,,2021,5,16.088
BFA,,2021,6,13.387
BFA,,2021,7,10.783
BFA,,2021,8,7.787
BFA,,2021,9,6.642
BFA,,2021,10,8.28
BFA,,2021,11,14.804
BFA,,2021,12,14.202
BFA,,2022,1,13.811
BFA,,2022,2,21.933
BFA,,2022,3,18.005
BFA,,2022,4,18.077
BFA,,2022,5,15.678
BFA,,2022,6,11.19
BFA,,2022,7,11.539
BFA,,2022,8,8.509
BFA,,2022,9,7.304
BFA,,2022,10,9.803
BFA,,2022,11,9.575
BFA,,2022,12,8.599
BFA,,2023,1,20.002
BFA,,2023,2,14.174
BFA,,2023,3,21.343
BFA,,2023,4,14.738
BFA,,2023,5,14.557
BFA,,2023,6,12.141
BFA,,2023,7,16.202
BFA,,2023,8,8.226
BFA,,2023,9,10.962
BFA,,2023,10,7.703
BFA,,2023,11,12.37
BFA,,2023,12,10.032
BOL,,2018,1,16.15
BOL,,2018,2,14.786
BOL,,2018,3,22.301
BOL,,2018,4,17.069
BOL,,2018,5,15.925
BOL,,2018,6,13.163
BOL,,2018,7,11.89
BOL,,2018,8,8.326
BOL,,2018,9,10.435
BOL,,2018,10,14.039
BOL,,2018,11,18.364
BOL,,2018,12,15.866
BOL,,2019,1,20.032
BOL,,2019,2,14.923
BOL,,2019,3,19.838
BOL,,2019,4,18.672
BOL,,2019,5,20.66
BOL,,2019,6,12.463
BOL,,2019,7,11.997
BOL,,2019,8,9.105
BOL,,2019,9,5.084
BOL,,2019,10,8.514
BOL,,2019,11,17.957
BOL,,2019,12,14.273
BOL,,2020,1,13.095
BOL,,2020,2,24.139
BOL,,2020,3,24.638
BOL,,2020,4,17.732
BOL,,2020,5,20.609
BOL,,2020,6,18.727
BOL,,2020,7,12.664
BOL,,2020,8,8.631
BOL,,2020,9,10.842
BOL,,2020,10,9.791
BOL,,2020,11,15.335
BOL,,2020,12,9.796
BOL,,2021,1,13.133
BOL,,2021,2,12.534
BOL,,2021,3,16.911
BOL,,2021,4,18.8
BOL,,2021,5,20.487
BOL,,2021,6,15.579
BOL,,2021,7,7.755
BOL,,2021,8,12.082
BOL,,2021,9,8.9
BOL,,2021,10,11.247
BOL,,2021,11,14.661
BOL,,2021,12,12.807
BOL,,2022,1,21.485
BOL,,2022,2,14.838
BOL,,2022,3,21.018
BOL,,2022,4,11.932
BOL,,2022,5,15.722
BOL,,2022,6,13.308
BOL,,2022,7,8.198
BOL,,2022,8,14.136
BOL,,2022,9,8.612
BOL,,2022,10,8.912
BOL,,2022,11,7.41
BOL,,2022,12,14.938
BOL,,2023,1,18.353
BOL,,2023,2,20.938
BOL,,2023,3,17.96
BOL,,2023,4,14.812
BOL,,2023,5,14.908
BOL,,2023,6,13.94
BOL,,2023,7,12.318
BOL,,2023,8,9.655
BOL,,2023,9,8.738
BOL,,2023,10,9.995
BOL,,2023,11,13.712
BOL,,2023,12,17.101
BRA,,2018,1,20.507
BRA,,2018,2,16.417
BRA,,2018,3,18.761
BRA,,2018,4,20.648
BRA,,2018,5,14.853
BRA,,2018,6,15.092
BRA,,2018,7,11.674
BRA,,2018,8,10.165
BRA,,2018,9,8.412
BRA,,2018,10,7.869
BRA,,2018,11,10.813
BRA,,2018,12,17.101
BRA,,2019,1,16.557
BRA,,2019,2,18.825
BRA,,2019,3,22.39
BRA,,2019,4,16.129
BRA,,2019,5,17.005
BRA,,2019,6,10.746
BRA,,2019,7,13.953
BRA,,2019,8,12.721
BRA,,2019,9,13.293
BRA,,2019,10,14.928
BRA,,2019,11,13.79
BRA,,2019,12,12.953
BRA,,2020,1,16.874
BRA,,2020,2,20.8
BRA,,2020,3,25.946
BRA,,2020,4,22.081
BRA,,2020,5,19.219
BRA,,2020,6,16.276
BRA,,2020,7,16.404
BRA,,2020,8,12.131
BRA,,2020,9,4.809
BRA,,2020,10,9.218
BRA,,2020,11,8.009
BRA,,2020,12,15.127
BRA,,2021,1,16.163
BRA,,2021,2,17.511
BRA,,2021,3,21.036
BRA,,2021,4,16.406
BRA,,2021,5,23.031
BRA,,2021,6,12.892
BRA,,2021,7,15.357
BRA,,2021,8,9.202
BRA,,2021,9,11.05
BRA,,2021,10,9.017
BRA,,2021,11,13.032
BRA,,2021,12,13.643
BRA,,2022,1,13.225
BRA,,2022,2,18.013
BRA,,2022,3,20.962
BRA,,2022,4,20.67
BRA,,2022,5,20.159
BRA,,2022,6,15.447
BRA,,2022,7,10.756
BRA,,2022,8,10.269
BRA,,2022,9,11.802
BRA,,2022,10,10.595
BRA,,2022,11,10.752
BRA,,2022,12,12.45
BRA,,2023,1,18.554
BRA,,2023,2,17.198
BRA,,2023,3,20.578
BRA,,2023,4,18.952
BRA,,2023,5,18.302
BRA,,2023,6,13.037
BRA,,2023,7,9.884
BRA,,2023,8,9.784
BRA,,2023,9,8.315
BRA,,2023,10,9.162
BRA,,2023,11,15.008
BRA,,2023,12,18.013
COD,,2018,1,15.685
COD,,2018,2,19.389
COD,,2018,3,20.811
COD,,2018,4,19.962
COD,,2018,5,13.916
COD,,2018,6,17.339
COD,,2018,7,8.627
COD,,2018,8,10.539
COD,,2018,9,5.474
COD,,2018,10,7.468
COD,,2018,11,12.517
COD,,2018,12,13.831
COD,,2019,1,21.793
COD,,2019,2,18.59
COD,,2019,3,18.384
COD,,2019,4,17.829
COD,,2019,5,15.891
COD,,2019,6,11.508
COD,,2019,7,12.034
COD,,2019,8,10.374
COD,,2019,9,7.889
COD,,2019,10,10.215
COD,,2019,11,9.505
COD,,2019,12,11.558
COD,,2020,1,19.501
COD,,2020,2,21.603
COD,,2020,3,17.906
COD,,2020,4,19.926
COD,,2020,5,11.77
COD,,2020,6,14.839
COD,,2020,7,11.11
COD,,2020,8,9.521
COD,,2020,9,10.218
COD,,2020,10,9.856
COD,,2020,11,11.967
COD,,2020,12,13.556
COD,,2021,1,13.814
COD,,2021,2,21.63
COD,,2021,3,20.444
COD,,2021,4,16.954
COD,,2021,5,15.079
COD,,2021,6,12.288
COD,,2021,7,10.043
COD,,2021,8,9.933
COD,,2021,9,5.854
COD,,2021,10,5.846
COD,,2021,11,9.901
COD,,2021,12,12.286
COD,,2022,1,18.01
COD,,2022,2,17.222
COD,,2022,3,22.109
COD,,2022,4,21.6
COD,,2022,5,13.539
COD,,2022,6,13.965
COD,,2022,7,13.98
COD,,2022,8,8.258
COD,,2022,9,7.751
COD,,2022,10,13.328
COD,,2022,11,8.138
COD,,2022,12,16.078
COD,,2023,1,17.894
COD,,2023,2,21.13
COD,,2023,3,19.278
COD,,2023,4,11.159
COD,,2023,5,18.291
COD,,2023,6,16.932
COD,,2023,7,8.829
COD,,2023,8,9.391
COD,,2023,9,8.953
COD,,2023,10,8.316
COD,,2023,11,14.678
COD,,2023,12,13.945
CMR,,2018,1,15.876
CMR,,2018,2,16.387
CMR,,2018,3,19.356
CMR,,2018,4,17.119
CMR,,2018,5,19.42
CMR,,2018,6,7.739
CMR,,2018,7,6.297
CMR,,2018,8,8.839
CMR,,2018,9,3.874
CMR,,2018,10,10.455
CMR,,2018,11,9.559
CMR,,2018,12,11.072
CMR,,2019,1,14.571
CMR,,2019,2,20.057
CMR,,2019,3,22.317
CMR,,2019,4,17.095
CMR,,2019,5,17.314
CMR,,2019,6,13.001
CMR,,2019,7,9.98
CMR,,2019,8,10.38
CMR,,2019,9,10.512
CMR,,2019,10,5.75
CMR,,2019,11,10.296
CMR,,2019,12,9.679
CMR,,2020,1,11.039
CMR,,2020,2,16.906
CMR,,2020,3,16.979
CMR,,2020,4,16.508
CMR,,2020,5,15.758
CMR,,2020,6,12.307
CMR,,2020,7,9.223
CMR,,2020,8,9.812
CMR,,2020,9,4.932
CMR,,2020,10,8.555
CMR,,2020,11,10.611
CMR,,2020,12,12.006
CMR,,2021,1,14.132
CMR,,2021,2,13.001
CMR,,2021,3,18.941
CMR,,2021,4,19.969
CMR,,2021,5,14.293
CMR,,2021,6,10.9
CMR,,2021,7,14.24
CMR,,2021,8,8.664
CMR,,2021,9,10.858
CMR,,2021,10,8.32
CMR,,2021,11,10.508
CMR,,2021,12,12.564
CMR,,2022,1,16.13
CMR,,2022,2,16.003
CMR,,2022,3,16.292
CMR,,2022,4,20.544
CMR,,2022,5,21.084
CMR,,2022,6,10.925
CMR,,2022,7,12.643
CMR,,2022,8,7.869
CMR,,2022,9,6.134
CMR,,2022,10,11.521
CMR,,2022,11,10.447
CMR,,2022,12,14.999
CMR,,2023,1,12.185
CMR,,2023,2,17.352
CMR,,2023,3,19.616
CMR,,2023,4,20.958
CMR,,2023,5,17.394
CMR,,2023,6,14.931
CMR,,2023,7,7.991
CMR,,2023,8,12.5
CMR,,2023,9,3.0
CMR,,2023,10,10.347
CMR,,2023,11,9.892
CMR,,2023,12,15.422
CHN,,2018,1,20.023
CHN,,2018,2,23.774
CHN,,2018,3,21.368
CHN,,2018,4,19.604
CHN,,2018,5,17.452
CHN,,2018,6,18.115
CHN,,2018,7,12.916
CHN,,2018,8,14.021
CHN,,2018,9,13.855
CHN,,2018,10,8.436
CHN,,2018,11,21.984
CHN,,2018,12,14.57
CHN,,2019,1,24.844
CHN,,2019,2,24.378
CHN,,2019,3,18.978
CHN,,2019,4,21.004
CHN,,2019,5,21.881
CHN,,2019,6,20.829
CHN,,2019,7,15.896
CHN,,2019,8,14.33
CHN,,2019,9,9.92
CHN,,2019,10,16.026
CHN,,2019,11,11.459
CHN,,2019,12,16.691
CHN,,2020,1,16.83
CHN,,2020,2,16.679
CHN,,2020,3,21.657
CHN,,2020,4,16.837
CHN,,2020,5,16.519
CHN,,2020,6,14.096
CHN,,2020,7,14.161
CHN,,2020,8,14.629
CHN,,2020,9,11.209
CHN,,2020,10,14.184
CHN,,2020,11,15.475
CHN,,2020,12,20.73
CHN,,2021,1,26.384
CHN,,2021,2,23.276
CHN,,2021,3,24.627
CHN,,2021,4,20.966
CHN,,2021,5,22.38
CHN,,2021,6,14.191
CHN,,2021,7,16.121
CHN,,2021,8,15.945
CHN,,2021,9,10.76
CHN,,2021,10,12.61
CHN,,2021,11,17.027
CHN,,2021,12,18.862
CHN,,2022,1,18.374
CHN,,2022,2,20.701
CHN,,2022,3,21.284
CHN,,2022,4,19.924
CHN,,2022,5,23.246
CHN,,2022,6,19.005
CHN,,2022,7,14.675
CHN,,2022,8,13.076
CHN,,2022,9,10.492
CHN,,2022,10,13.134
CHN,,2022,11,13.041
CHN,,2022,12,16.989
CHN,,2023,1,23.923
CHN,,2023,2,19.471
CHN,,2023,3,23.315
CHN,,2023,4,27.565
CHN,,2023,5,18.117
CHN,,2023,6,18.573
CHN,,2023,7,10.377
CHN,,2023,8,12.075
CHN,,2023,9,12.156
CHN,,2023,10,10.122
CHN,,2023,11,14.671
CHN,,2023,12,19.563
COL,,2018,1,14.675
COL,,2018,2,14.72
COL,,2018,3,18.71
COL,,2018,4,16.304
COL,,2018,5,13.249
COL,,2018,6,11.931
COL,,2018,7,9.924
COL,,2018,8,7.217
COL,,2018,9,8.343
COL,,2018,10,10.803
COL,,2018,11,11.901
COL,,2018,12,12.475
COL,,2019,1,14.437
COL,,2019,2,16.939
COL,,2019,3,15.376
COL,,2019,4,20.389
COL,,2019,5,19.271
COL,,2019,6,7.104
COL,,2019,7,11.42
COL,,2019,8,9.402
COL,,2019,9,5.708
COL,,2019,10,7.855
COL,,2019,11,11.174
COL,,2019,12,14.898
COL,,2020,1,18.965
COL,,2020,2,16.795
COL,,2020,3,20.0
COL,,2020,4,19.555
COL,,2020,5,16.439
COL,,2020,6,13.763
COL,,2020,7,11.601
COL,,2020,8,8.616
COL,,2020,9,9.864
COL,,2020,10,7.866
COL,,2020,11,9.8
COL,,2020,12,14.095
COL,,2021,1,13.11
COL,,2021,2,22.37
COL,,2021,3,17.551
COL,,2021,4,24.637
COL,,2021,5,18.052
COL,,2021,6,14.281
COL,,2021,7,12.717
COL,,2021,8,9.564
COL,,2021,9,6.286
COL,,2021,10,10.782
COL,,2021,11,5.601
COL,,2021,12,13.211
COL,,2022,1,17.95
COL,,2022,2,22.438
COL,,2022,3,17.786
COL,,2022,4,22.349
COL,,2022,5,17.636
COL,,2022,6,12.394
COL,,2022,7,11.734
COL,,2022,8,9.275
COL,,2022,9,5.578
COL,,2022,10,4.38
COL,,2022,11,10.291
COL,,2022,12,12.123
COL,,2023,1,17.228
COL,,2023,2,15.421
COL,,2023,3,20.348
COL,,2023,4,15.248
COL,,2023,5,12.588
COL,,2023,6,17.096
COL,,2023,7,13.842
COL,,2023,8,8.432
COL,,2023,9,6.28
COL,,2023,10,9.3
COL,,2023,11,11.011
COL,,2023,12,15.182
DEU,,2018,1,18.733
DEU,,2018,2,24.517
DEU,,2018,3,19.84
DEU,,2018,4,29.145
DEU,,2018,5,18.376
DEU,,2018,6,16.515
DEU,,2018,7,15.132
DEU,,2018,8,14.181
DEU,,2018,9,14.469
DEU,,2018,10,15.407
DEU,,2018,11,16.981
DEU,,2018,12,14.309
DEU,,2019,1,21.222
DEU,,2019,2,26.658
DEU,,2019,3,19.215
DEU,,2019,4,24.685
DEU,,2019,5,21.691
DEU,,2019,6,19.694
DEU,,2019,7,16.954
DEU,,2019,8,13.009
DEU,,2019,9,11.94
DEU,,2019,10,14.649
DEU,,2019,11,14.073
DEU,,2019,12,15.029
DEU,,2020,1,24.669
DEU,,2020,2,27.627
DEU,,2020,3,23.658
DEU,,2020,4,24.547
DEU,,2020,5,22.21
DEU,,2020,6,14.331
DEU,,2020,7,14.877
DEU,,2020,8,10.84
DEU,,2020,9,14.192
DEU,,2020,10,10.48
DEU,,2020,11,13.787
DEU,,2020,12,14.354
DEU,,2021,1,20.931
DEU,,2021,2,21.959
DEU,,2021,3,16.851
DEU,,2021,4,24.287
DEU,,2021,5,12.373
DEU,,2021,6,18.436
DEU,,2021,7,13.413
DEU,,2021,8,14.056
DEU,,2021,9,11.541
DEU,,2021,10,9.051
DEU,,2021,11,12.375
DEU,,2021,12,16.133
DEU,,2022,1,20.042
DEU,,2022,2,19.879
DEU,,2022,3,25.446
DEU,,2022,4,19.839
DEU,,2022,5,17.604
DEU,,2022,6,14.607
DEU,,2022,7,16.523
DEU,,2022,8,10.56
DEU,,2022,9,13.237
DEU,,2022,10,12.208
DEU,,2022,11,9.752
DEU,,2022,12,15.881
DEU,,2023,1,18.494
DEU,,2023,2,25.029
DEU,,2023,3,20.844
DEU,,2023,4,19.984
DEU,,2023,5,14.716
DEU,,2023,6,17.915
DEU,,2023,7,15.381
DEU,,2023,8,14.351
DEU,,2023,9,12.804
DEU,,2023,10,13.45
DEU,,2023,11,16.37
DEU,,2023,12,18.959
EGY,,2018,1,14.999
EGY,,2018,2,23.089
EGY,,2018,3,20.568
EGY,,2018,4,21.544
EGY,,2018,5,19.512
EGY,,2018,6,16.102
EGY,,2018,7,16.411
EGY,,2018,8,12.318
EGY,,2018,9,7.373
EGY,,2018,10,8.892
EGY,,2018,11,15.411
EGY,,2018,12,16.387
EGY,,2019,1,17.662
EGY,,2019,2,16.678
EGY,,2019,3,21.997
EGY,,2019,4,16.734
EGY,,2019,5,18.246
EGY,,2019,6,17.525
EGY,,2019,7,14.132
EGY,,2019,8,11.797
EGY,,2019,9,11.024
EGY,,2019,10,12.008
EGY,,2019,11,13.506
EGY,,2019,12,12.741
EGY,,2020,1,16.837
EGY,,2020,2,19.459
EGY,,2020,3,19.743
EGY,,2020,4,17.291
EGY,,2020,5,20.472
EGY,,2020,6,11.609
EGY,,2020,7,15.557
EGY,,2020,8,9.802
EGY,,2020,9,12.6
EGY,,2020,10,9.766
EGY,,2020,11,14.078
EGY,,2020,12,17.265
EGY,,2021,1,12.818
EGY,,2021,2,17.596
EGY,,2021,3,20.767
EGY,,2021,4,20.389
EGY,,2021,5,20.506
EGY,,2021,6,13.811
EGY,,2021,7,7.787
EGY,,2021,8,6.537
EGY,,2021,9,9.807
EGY,,2021,10,10.847
EGY,,2021,11,12.865
EGY,,2021,12,16.773
EGY,,2022,1,18.175
EGY,,2022,2,17.453
EGY,,2022,3,24.628
EGY,,2022,4,27.163
EGY,,2022,5,19.122
EGY,,2022,6,17.052
EGY,,2022,7,9.735
EGY,,2022,8,12.563
EGY,,2022,9,13.024
EGY,,2022,10,11.521
EGY,,2022,11,8.539
EGY,,2022,12,19.742
EGY,,2023,1,15.205
EGY,,2023,2,21.553
EGY,,2023,3,22.422
EGY,,2023,4,21.308
EGY,,2023,5,17.205
EGY,,2023,6,12.107
EGY,,2023,7,11.715
EGY,,2023,8,9.983
EGY,,2023,9,13.919
EGY,,2023,10,8.828
EGY,,2023,11,15.32
EGY,,2023,12,14.133
ETH,,2018,1,16.527
ETH,,2018,2,19.167
ETH,,2018,3,20.908
ETH,,2018,4,17.559
ETH,,2018,5,18.031
ETH,,2018,6,12.503
ETH,,2018,7,10.373
ETH,,2018,8,9.325
ETH,,2018,9,10.321
ETH,,2018,10,8.345
ETH,,2018,11,10.58
ETH,,2018,12,14.027
ETH,,2019,1,12.851
ETH,,2019,2,17.533
ETH,,2019,3,20.948
ETH,,2019,4,18.208
ETH,,2019,5,19.371
ETH,,2019,6,16.927
ETH,,2019,7,9.863
ETH,,2019,8,5.45
ETH,,2019,9,10.641
ETH,,2019,10,8.869
ETH,,2019,11,15.313
ETH,,2019,12,14.869
ETH,,2020,1,20.017
ETH,,2020,2,16.734
ETH,,2020,3,19.522
ETH,,2020,4,17.233
ETH,,2020,5,12.029
ETH,,2020,6,17.195
ETH,,2020,7,14.322
ETH,,2020,8,12.552
ETH,,2020,9,7.468
ETH,,2020,10,10.244
ETH,,2020,11,8.901
ETH,,2020,12,16.166
ETH,,2021,1,19.465
ETH,,2021,2,17.828
ETH,,2021,3,16.868
ETH,,2021,4,15.595
ETH,,2021,5,14.103
ETH,,2021,6,17.055
ETH,,2021,7,7.59
ETH,,2021,8,8.996
ETH,,2021,9,6.007
ETH,,2021,10,9.66
ETH,,2021,11,14.101
ETH,,2021,12,16.976
ETH,,2022,1,17.485
ETH,,2022,2,14.683
ETH,,2022,3,13.966
ETH,,2022,4,15.224
ETH,,2022,5,10.582
ETH,,2022,6,16.279
ETH,,2022,7,14.06
ETH,,2022,8,13.887
ETH,,2022,9,13.035
ETH,,2022,10,10.671
ETH,,2022,11,8.459
ETH,,2022,12,14.861
ETH,,2023,1,18.148
ETH,,2023,2,21.308
ETH,,2023,3,17.925
ETH,,2023,4,16.056
ETH,,2023,5,21.481
ETH,,2023,6,14.304
ETH,,2023,7,15.303
ETH,,2023,8,8.407
ETH,,2023,9,6.853
ETH,,2023,10,12.852
ETH,,2023,11,12.201
ETH,,2023,12,13.642
FRA,,2018,1,21.143
FRA,,2018,2,20.511
FRA,,2018,3,20.804
FRA,,2018,4,18.144
FRA,,2018,5,19.634
FRA,,2018,6,19.542
FRA,,2018,7,11.913
FRA,,2018,8,13.969
FRA,,2018,9,10.007
FRA,,2018,10,14.315
FRA,,2018,11,18.363
FRA,,2018,12,12.974
FRA,,2019,1,18.616
FRA,,2019,2,18.381
FRA,,2019,3,22.869
FRA,,2019,4,19.112
FRA,,2019,5,22.41
FRA,,2019,6,13.396
FRA,,2019,7,16.83
FRA,,2019,8,13.963
FRA,,2019,9,14.812
FRA,,2019,10,14.963
FRA,,2019,11,13.606
FRA,,2019,12,18.38
FRA,,2020,1,21.56
FRA,,2020,2,21.011
FRA,,2020,3,24.311
FRA,,2020,4,22.12
FRA,,2020,5,19.101
FRA,,2020,6,15.838
FRA,,2020,7,14.768
FRA,,2020,8,11.077
FRA,,2020,9,10.128
FRA,,2020,10,13.735
FRA,,2020,11,14.123
FRA,,2020,12,15.441
FRA,,2021,1,19.027
FRA,,2021,2,24.665
FRA,,2021,3,22.495
FRA,,2021,4,22.951
FRA,,2021,5,15.963
FRA,,2021,6,19.169
FRA,,2021,7,14.636
FRA,,2021,8,14.414
FRA,,2021,9,14.689
FRA,,2021,10,16.377
FRA,,2021,11,17.249
FRA,,2021,12,19.354
FRA,,2022,1,19.425
FRA,,2022,2,23.483
FRA,,2022,3,20.941
FRA,,2022,4,25.023
FRA,,2022,5,16.867
FRA,,2022,6,16.018
FRA,,2022,7,12.409
FRA,,2022,8,15.61
FRA,,2022,9,11.185
FRA,,2022,10,13.674
FRA,,2022,11,8.426
FRA,,2022,12,13.576
FRA,,2023,1,20.887
FRA,,2023,2,17.452
FRA,,2023,3,17.811
FRA,,2023,4,20.24
FRA,,2023,5,19.168
FRA,,2023,6,15.222
FRA,,2023,7,15.101
FRA,,2023,8,14.727
FRA,,2023,9,8.926
FRA,,2023,10,15.414
FRA,,2023,11,18.677
FRA,,2023,12,20.818
GBR,,2018,1,17.855
GBR,,2018,2,21.684
GBR,,2018,3,15.604
GBR,,2018,4,21.064
GBR,,2018,5,24.652
GBR,,2018,6,15.297
GBR,,2018,7,17.493
GBR,,2018,8,17.348
GBR,,2018,9,13.543
GBR,,2018,10,10.996
GBR,,2018,11,9.708
GBR,,2018,12,17.523
GBR,,2019,1,17.815
GBR,,2019,2,21.419
GBR,,2019,3,21.702
GBR,,2019,4,18.185
GBR,,2019,5,15.632
GBR,,2019,6,13.573
GBR,,2019,7,19.416
GBR,,2019,8,14.323
GBR,,2019,9,12.471
GBR,,2019,10,12.721
GBR,,2019,11,12.041
GBR,,2019,12,16.394
GBR,,2020,1,20.477
GBR,,2020,2,21.445
GBR,,2020,3,22.026
GBR,,2020,4,19.707
GBR,,2020,5,16.227
GBR,,2020,6,17.727
GBR,,2020,7,17.283
GBR,,2020,8,16.608
GBR,,2020,9,13.027
GBR,,2020,10,11.081
GBR,,2020,11,19.077
GBR,,2020,12,18.852
GBR,,2021,1,19.314
GBR,,2021,2,22.334
GBR,,2021,3,23.53
GBR,,2021,4,19.736
GBR,,2021,5,21.165
GBR,,2021,6,18.435
GBR,,2021,7,18.388
GBR,,2021,8,13.741
GBR,,2021,9,14.087
GBR,,2021,10,15.983
GBR,,2021,11,13.283
GBR,,2021,12,13.014
GBR,,2022,1,22.209
GBR,,2022,2,21.368
GBR,,2022,3,20.191
GBR,,2022,4,20.105
GBR,,2022,5,22.472
GBR,,2022,6,18.955
GBR,,2022,7,14.003
GBR,,2022,8,10.815
GBR,,2022,9,9.423
GBR,,2022,10,13.243
GBR,,2022,11,12.842
GBR,,2022,12,14.996
GBR,,2023,1,17.901
GBR,,2023,2,25.387
GBR,,2023,3,21.556
GBR,,2023,4,21.958
GBR,,2023,5,22.001
GBR,,2023,6,17.767
GBR,,2023,7,13.362
GBR,,2023,8,11.678
GBR,,2023,9,14.479
GBR,,2023,10,15.288
GBR,,2023,11,17.157
GBR,,2023,12,14.963
GHA,,2018,1,16.838
GHA,,2018,2,16.246
GHA,,2018,3,18.976
GHA,,2018,4,18.774
GHA,,2018,5,14.075
GHA,,2018,6,11.355
GHA,,2018,7,10.366
GHA,,2018,8,12.576
GHA,,2018,9,10.989
GHA,,2018,10,8.934
GHA,,2018,11,11.801
GHA,,2018,12,17.659
GHA,,2019,1,13.117
GHA,,2019,2,19.043
GHA,,2019,3,18.644
GHA,,2019,4,14.151
GHA,,2019,5,13.48
GHA,,2019,6,18.205
GHA,,2019,7,12.277
GHA,,2019,8,8.45
GHA,,2019,9,7.356
GHA,,2019,10,10.483
GHA,,2019,11,9.298
GHA,,2019,12,16.193
GHA,,2020,1,17.978
GHA,,2020,2,19.823
GHA,,2020,3,18.616
GHA,,2020,4,18.486
GHA,,2020,5,15.226
GHA,,2020,6,14.764
GHA,,2020,7,13.935
GHA,,2020,8,10.973
GHA,,2020,9,12.184
GHA,,2020,10,6.861
GHA,,2020,11,13.123
GHA,,2020,12,12.348
GHA,,2021,1,17.319
GHA,,2021,2,21.956
GHA,,2021,3,20.958
GHA,,2021,4,22.974
GHA,,2021,5,20.837
GHA,,2021,6,14.874
GHA,,2021,7,10.237
GHA,,2021,8,13.123
GHA,,2021,9,7.872
GHA,,2021,10,6.192
GHA,,2021,11,14.988
GHA,,2021,12,13.478
GHA,,2022,1,21.157
GHA,,2022,2,15.881
GHA,,2022,3,19.041
GHA,,2022,4,19.673
GHA,,2022,5,17.419
GHA,,2022,6,12.037
GHA,,2022,7,11.309
GHA,,2022,8,9.531
GHA,,2022,9,9.727
GHA,,2022,10,9.742
GHA,,2022,11,8.873
GHA,,2022,12,14.189
GHA,,2023,1,14.045
GHA,,2023,2,17.837
GHA,,2023,3,18.183
GHA,,2023,4,18.42
GHA,,2023,5,14.661
GHA,,2023,6,13.36
GHA,,2023,7,11.917
GHA,,2023,8,14.51
GHA,,2023,9,7.135
GHA,,2023,10,3.971
GHA,,2023,11,9.135
GHA,,2023,12,12.449
HTI,,2018,1,16.683
HTI,,2018,2,15.689
HTI,,2018,3,22.053
HTI,,2018,4,21.278
HTI,,2018,5,11.895
HTI,,2018,6,16.104
HTI,,2018,7,10.172
HTI,,2018,8,11.041
HTI,,2018,9,8.956
HTI,,2018,10,9.89
HTI,,2018,11,11.767
HTI,,2018,12,11.311
HTI,,2019,1,11.104
HTI,,2019,2,17.535
HTI,,2019,3,20.521
HTI,,2019,4,17.037
HTI,,2019,5,15.039
HTI,,2019,6,12.976
HTI,,2019,7,12.616
HTI,,2019,8,8.129
HTI,,2019,9,8.662
HTI,,2019,10,4.072
HTI,,2019,11,10.44
HTI,,2019,12,13.915
HTI,,2020,1,15.11
HTI,,2020,2,19.255
HTI,,2020,3,16.533
HTI,,2020,4,15.875
HTI,,2020,5,15.263
HTI,,2020,6,16.9
HTI,,2020,7,9.74
HTI,,2020,8,5.652
HTI,,2020,9,10.414
HTI,,2020,10,10.706
HTI,,2020,11,9.343
HTI,,2020,12,16.0
HTI,,2021,1,16.195
HTI,,2021,2,18.717
HTI,,2021,3,19.653
HTI,,2021,4,18.368
HTI,,2021,5,14.115
HTI,,2021,6,13.199
HTI,,2021,7,8.739
HTI,,2021,8,7.92
HTI,,2021,9,6.952
HTI,,2021,10,9.764
HTI,,2021,11,11.62
HTI,,2021,12,16.479
HTI,,2022,1,16.622
HTI,,2022,2,19.285
HTI,,2022,3,18.985
HTI,,2022,4,14.472
HTI,,2022,5,15.271
HTI,,2022,6,12.372
HTI,,2022,7,11.452
HTI,,2022,8,5.988
HTI,,2022,9,7.664
HTI,,2022,10,6.277
HTI,,2022,11,12.558
HTI,,2022,12,16.799
HTI,,2023,1,16.11
HTI,,2023,2,15.483
HTI,,2023,3,17.863
HTI,,2023,4,21.572
HTI,,2023,5,17.228
HTI,,2023,6,15.683
HTI,,2023,7,10.995
HTI,,2023,8,7.094
HTI,,2023,9,5.51
HTI,,2023,10,10.411
HTI,,2023,11,11.827
HTI,,2023,12,12.381
IDN,,2018,1,18.114
IDN,,2018,2,18.354
IDN,,2018,3,17.134
IDN,,2018,4,20.805
IDN,,2018,5,16.408
IDN,,2018,6,15.965
IDN,,2018,7,7.357
IDN,,2018,8,5.182
IDN,,2018,9,12.642
IDN,,2018,10,10.665
IDN,,2018,11,11.291
IDN,,2018,12,18.087
IDN,,2019,1,15.233
IDN,,2019,2,20.966
IDN,,2019,3,24.661
IDN,,2019,4,20.586
IDN,,2019,5,17.47
IDN,,2019,6,12.146
IDN,,2019,7,15.486
IDN,,2019,8,9.808
IDN,,2019,9,11.186
IDN,,2019,10,8.36
IDN,,2019,11,7.628
IDN,,2019,12,12.182
IDN,,2020,1,22.026
IDN,,2020,2,16.442
IDN,,2020,3,24.745
IDN,,2020,4,17.059
IDN,,2020,5,20.336
IDN,,2020,6,14.384
IDN,,2020,7,10.652
IDN,,2020,8,11.868
IDN,,2020,9,6.839
IDN,,2020,10,8.067
IDN,,2020,11,10.778
IDN,,2020,12,15.744
IDN,,2021,1,14.708
IDN,,2021,2,15.174
IDN,,2021,3,21.738
IDN,,2021,4,17.558
IDN,,2021,5,16.492
IDN,,2021,6,14.002
IDN,,2021,7,11.192
IDN,,2021,8,11.426
IDN,,2021,9,9.091
IDN,,2021,10,13.666
IDN,,2021,11,11.762
IDN,,2021,12,12.969
IDN,,2022,1,19.261
IDN,,2022,2,19.769
IDN,,2022,3,22.979
IDN,,2022,4,18.243
IDN,,2022,5,13.774
IDN,,2022,6,14.221
IDN,,2022,7,16.214
IDN,,2022,8,10.538
IDN,,2022,9,10.83
IDN,,2022,10,6.272
IDN,,2022,11,12.318
IDN,,2022,12,12.602
IDN,,2023,1,12.61
IDN,,2023,2,18.332
IDN,,2023,3,18.106
IDN,,2023,4,19.866
IDN,,2023,5,18.854
IDN,,2023,6,14.994
IDN,,2023,7,4.147
IDN,,2023,8,10.408
IDN,,2023,9,12.323
IDN,,2023,10,11.567
IDN,,2023,11,9.071
IDN,,2023,12,16.141
IND,,2018,1,22.341
IND,,2018,2,16.703
IND,,2018,3,22.733
IND,,2018,4,18.303
IND,,2018,5,16.288
IND,,2018,6,17.007
IND,,2018,7,11.531
IND,,2018,8,16.592
IND,,2018,9,13.42
IND,,2018,10,9.941
IND,,2018,11,14.84
IND,,2018,12,15.303
IND,,2019,1,18.467
IND,,2019,2,23.705
IND,,2019,3,16.422
IND,,2019,4,17.286
IND,,2019,5,14.833
IND,,2019,6,15.033
IND,,2019,7,18.017
IND,,2019,8,7.805
IND,,2019,9,13.456
IND,,2019,10,14.911
IND,,2019,11,12.508
IND,,2019,12,14.364
IND,,2020,1,18.558
IND,,2020,2,22.063
IND,,2020,3,20.046
IND,,2020,4,22.475
IND,,2020,5,18.107
IND,,2020,6,13.744
IND,,2020,7,14.101
IND,,2020,8,16.058
IND,,2020,9,11.061
IND,,2020,10,16.004
IND,,2020,11,14.796
IND,,2020,12,18.872
IND,,2021,1,19.932
IND,,2021,2,24.794
IND,,2021,3,23.201
IND,,2021,4,19.908
IND,,2021,5,17.352
IND,,2021,6,15.282
IND,,2021,7,17.303
IND,,2021,8,13.924
IND,,2021,9,9.01
IND,,2021,10,11.277
IND,,2021,11,11.266
IND,,2021,12,16.563
IND,,2022,1,21.959
IND,,2022,2,22.274
IND,,2022,3,21.761
IND,,2022,4,23.062
IND,,2022,5,22.656
IND,,2022,6,16.325
IND,,2022,7,11.033
IND,,2022,8,15.98
IND,,2022,9,9.116
IND,,2022,10,12.504
IND,,2022,11,14.354
IND,,2022,12,15.422
IND,,2023,1,14.785
IND,,2023,2,22.221
IND,,2023,3,20.517
IND,,2023,4,19.352
IND,,2023,5,20.146
IND,,2023,6,16.323
IND,,2023,7,14.793
IND,,2023,8,10.063
IND,,2023,9,15.446
IND,,2023,10,14.254
IND,,2023,11,18.553
IND,,2023,12,15.352
IRN,,2018,1,19.935
IRN,,2018,2,19.455
IRN,,2018,3,25.675
IRN,,2018,4,21.371
IRN,,2018,5,22.182
IRN,,2018,6,14.663
IRN,,2018,7,13.442
IRN,,2018,8,7.829
IRN,,2018,9,11.489
IRN,,2018,10,9.119
IRN,,2018,11,13.191
IRN,,2018,12,14.628
IRN,,2019,1,15.414
IRN,,2019,2,22.425
IRN,,2019,3,19.679
IRN,,2019,4,18.531
IRN,,2019,5,19.266
IRN,,2019,6,15.004
IRN,,2019,7,12.029
IRN,,2019,8,15.149
IRN,,2019,9,12.56
IRN,,2019,10,9.806
IRN,,2019,11,12.52
IRN,,2019,12,17.214
IRN,,2020,1,17.287
IRN,,2020,2,22.67
IRN,,2020,3,21.262
IRN,,2020,4,19.883
IRN,,2020,5,18.282
IRN,,2020,6,8.805
IRN,,2020,7,14.172
IRN,,2020,8,8.603
IRN,,2020,9,11.396
IRN,,2020,10,13.019
IRN,,2020,11,14.416
IRN,,2020,12,19.032
IRN,,2021,1,17.465
IRN,,2021,2,17.637
IRN,,2021,3,22.124
IRN,,2021,4,18.414
IRN,,2021,5,18.847
IRN,,2021,6,10.325
IRN,,2021,7,12.119
IRN,,2021,8,10.29
IRN,,2021,9,8.827
IRN,,2021,10,9.355
IRN,,2021,11,12.169
IRN,,2021,12,16.303
IRN,,2022,1,14.536
IRN,,2022,2,23.031
IRN,,2022,3,24.703
IRN,,2022,4,21.865
IRN,,2022,5,21.014
IRN,,2022,6,14.572
IRN,,2022,7,12.407
IRN,,2022,8,9.923
IRN,,2022,9,8.75
IRN,,2022,10,13.453
IRN,,2022,11,9.534
IRN,,2022,12,13.581
IRN,,2023,1,18.778
IRN,,2023,2,21.289
IRN,,2023,3,22.435
IRN,,2023,4,18.221
IRN,,2023,5,13.458
IRN,,2023,6,15.191
IRN,,2023,7,11.804
IRN,,2023,8,10.214
IRN,,2023,9,9.718
IRN,,2023,10,8.854
IRN,,2023,11,14.129
IRN,,2023,12,14.59
JPN,,2018,1,21.715
JPN,,2018,2,24.864
JPN,,2018,3,20.484
JPN,,2018,4,19.949
JPN,,2018,5,19.47
JPN,,2018,6,17.646
JPN,,2018,7,12.753
JPN,,2018,8,12.498
JPN,,2018,9,12.624
JPN,,2018,10,14.121
JPN,,2018,11,14.72
JPN,,2018,12,11.987
JPN,,2019,1,17.159
JPN,,2019,2,23.868
JPN,,2019,3,20.464
JPN,,2019,4,19.072
JPN,,2019,5,11.979
JPN,,2019,6,9.439
JPN,,2019,7,13.043
JPN,,2019,8,7.829
JPN,,2019,9,10.696
JPN,,2019,10,10.052
JPN,,2019,11,14.837
JPN,,2019,12,12.991
JPN,,2020,1,19.022
JPN,,2020,2,18.51
JPN,,2020,3,22.309
JPN,,2020,4,22.479
JPN,,2020,5,21.382
JPN,,2020,6,14.482
JPN,,2020,7,11.205
JPN,,2020,8,10.338
JPN,,2020,9,10.213
JPN,,2020,10,15.331
JPN,,2020,11,13.572
JPN,,2020,12,13.951
JPN,,2021,1,19.861
JPN,,2021,2,21.215
JPN,,2021,3,19.75
JPN,,2021,4,20.122
JPN,,2021,5,18.898
JPN,,2021,6,18.119
JPN,,2021,7,9.436
JPN,,2021,8,12.458
JPN,,2021,9,10.797
JPN,,2021,10,14.067
JPN,,2021,11,11.583
JPN,,2021,12,12.532
JPN,,2022,1,21.687
JPN,,2022,2,23.362
JPN,,2022,3,22.729
JPN,,2022,4,19.875
JPN,,2022,5,18.041
JPN,,2022,6,13.662
JPN,,2022,7,15.948
JPN,,2022,8,16.804
JPN,,2022,9,9.541
JPN,,2022,10,14.659
JPN,,2022,11,9.208
JPN,,2022,12,10.959
JPN,,2023,1,18.667
JPN,,2023,2,16.573
JPN,,2023,3,22.153
JPN,,2023,4,18.219
JPN,,2023,5,21.179
JPN,,2023,6,16.721
JPN,,2023,7,14.69
JPN,,2023,8,10.626
JPN,,2023,9,10.369
JPN,,2023,10,10.658
JPN,,2023,11,15.275
JPN,,2023,12,15.449
KEN,,2018,1,17.668
KEN,,2018,2,17.127
KEN,,2018,3,14.788
KEN,,2018,4,17.712
KEN,,2018,5,12.83
KEN,,2018,6,12.895
KEN,,2018,7,7.955
KEN,,2018,8,10.375
KEN,,2018,9,7.95
KEN,,2018,10,8.927
KEN,,2018,11,7.451
KEN,,2018,12,12.325
KEN,,2019,1,13.897
KEN,,2019,2,17.926
KEN,,2019,3,20.575
KEN,,2019,4,16.516
KEN,,2019,5,14.039
KEN,,2019,6,14.861
KEN,,2019,7,17.144
KEN,,2019,8,7.265
KEN,,2019,9,8.479
KEN,,2019,10,11.841
KEN,,2019,11,8.858
KEN,,2019,12,11.986
KEN,,2020,1,19.252
KEN,,2020,2,17.269
KEN,,2020,3,17.579
KEN,,2020,4,16.394
KEN,,2020,5,11.95
KEN,,2020,6,15.325
KEN,,2020,7,6.16
KEN,,2020,8,6.694
KEN,,2020,9,11.258
KEN,,2020,10,10.241
KEN,,2020,11,9.924
KEN,,2020,12,14.047
KEN,,2021,1,14.818
KEN,,2021,2,19.177
KEN,,2021,3,14.087
KEN,,2021,4,18.96
KEN,,2021,5,13.046
KEN,,2021,6,12.946
KEN,,2021,7,13.167
KEN,,2021,8,7.443
KEN,,2021,9,3.064
KEN,,2021,10,7.336
KEN,,2021,11,9.089
KEN,,2021,12,12.197
KEN,,2022,1,16.171
KEN,,2022,2,17.843
KEN,,2022,3,17.015
KEN,,2022,4,19.328
KEN,,2022,5,16.777
KEN,,2022,6,12.973
KEN,,2022,7,15.315
KEN,,2022,8,5.557
KEN,,2022,9,14.68
KEN,,2022,10,4.802
KEN,,2022,11,11.814
KEN,,2022,12,13.211
KEN,,2023,1,18.083
KEN,,2023,2,20.195
KEN,,2023,3,17.92
KEN,,2023,4,19.091
KEN,,2023,5,14.951
KEN,,2023,6,13.871
KEN,,2023,7,12.812
KEN,,2023,8,4.141
KEN,,2023,9,6.521
KEN,,2023,10,3.868
KEN,,2023,11,10.577
KEN,,2023,12,16.304
KHM,,2018,1,16.219
KHM,,2018,2,21.395
KHM,,2018,3,19.179
KHM,,2018,4,16.362
KHM,,2018,5,15.308
KHM,,2018,6,16.605
KHM,,2018,7,8.977
KHM,,2018,8,9.631
KHM,,2018,9,9.782
KHM,,2018,10,9.557
KHM,,2018,11,10.993
KHM,,2018,12,16.892
KHM,,2019,1,14.012
KHM,,2019,2,20.573
KHM,,2019,3,15.555
KHM,,2019,4,22.37
KHM,,2019,5,16.291
KHM,,2019,6,16.725
KHM,,2019,7,8.823
KHM,,2019,8,11.031
KHM,,2019,9,11.381
KHM,,2019,10,13.697
KHM,,2019,11,9.926
KHM,,2019,12,14.197
KHM,,2020,1,10.044
KHM,,2020,2,20.907
KHM,,2020,3,15.802
KHM,,2020,4,18.901
KHM,,2020,5,17.054
KHM,,2020,6,19.4
KHM,,2020,7,9.594
KHM,,2020,8,8.771
KHM,,2020,9,9.159
KHM,,2020,10,8.652
KHM,,2020,11,10.124
KHM,,2020,12,14.965
KHM,,2021,1,17.498
KHM,,2021,2,21.175
KHM,,2021,3,19.073
KHM,,2021,4,17.208
KHM,,2021,5,16.56
KHM,,2021,6,11.231
KHM,,2021,7,9.74
KHM,,2021,8,9.463
KHM,,2021,9,8.141
KHM,,2021,10,5.1
KHM,,2021,11,16.082
KHM,,2021,12,8.655
KHM,,2022,1,18.062
KHM,,2022,2,18.248
KHM,,2022,3,19.035
KHM,,2022,4,19.428
KHM,,2022,5,16.247
KHM,,2022,6,14.18
KHM,,2022,7,9.667
KHM,,2022,8,8.291
KHM,,2022,9,7.334
KHM,,2022,10,5.283
KHM,,2022,11,14.678
KHM,,2022,12,17.994
KHM,,2023,1,11.314
KHM,,2023,2,17.218
KHM,,2023,3,17.145
KHM,,2023,4,13.424
KHM,,2023,5,12.577
KHM,,2023,6,13.663
KHM,,2023,7,13.32
KHM,,2023,8,12.206
KHM,,2023,9,9.157
KHM,,2023,10,9.537
KHM,,2023,11,13.8
KHM,,2023,12,14.439
LAO,,2018,1,12.521
LAO,,2018,2,22.9
LAO,,2018,3,17.029
LAO,,2018,4,20.901
LAO,,2018,5,16.235
LAO,,2018,6,11.81
LAO,,2018,7,9.987
LAO,,2018,8,7.249
LAO,,2018,9,12.906
LAO,,2018,10,10.654
LAO,,2018,11,6.534
LAO,,2018,12,13.258
LAO,,2019,1,15.848
LAO,,2019,2,16.256
LAO,,2019,3,18.685
LAO,,2019,4,20.752
LAO,,2019,5,18.156
LAO,,2019,6,11.773
LAO,,2019,7,12.303
LAO,,2019,8,12.176
LAO,,2019,9,6.507
LAO,,2019,10,12.643
LAO,,2019,11,12.753
LAO,,2019,12,12.646
LAO,,2020,1,18.346
LAO,,2020,2,14.718
LAO,,2020,3,20.893
LAO,,2020,4,16.155
LAO,,2020,5,17.207
LAO,,2020,6,14.809
LAO,,2020,7,9.093
LAO,,2020,8,14.074
LAO,,2020,9,7.953
LAO,,2020,10,5.526
LAO,,2020,11,10.141
LAO,,2020,12,13.317
LAO,,2021,1,17.874
LAO,,2021,2,19.968
LAO,,2021,3,20.144
LAO,,2021,4,16.904
LAO,,2021,5,17.815
LAO,,2021,6,16.243
LAO,,2021,7,11.121
LAO,,2021,8,15.026
LAO,,2021,9,4.237
LAO,,2021,10,4.387
LAO,,2021,11,12.866
LAO,,2021,12,12.714
LAO,,2022,1,19.438
LAO,,2022,2,21.033
LAO,,2022,3,21.627
LAO,,2022,4,20.076
LAO,,2022,5,17.215
LAO,,2022,6,13.248
LAO,,2022,7,13.188
LAO,,2022,8,10.476
LAO,,2022,9,16.068
LAO,,2022,10,9.142
LAO,,2022,11,9.366
LAO,,2022,12,12.078
LAO,,2023,1,15.372
LAO,,2023,2,13.838
LAO,,2023,3,21.512
LAO,,2023,4,22.186
LAO,,2023,5,17.405
LAO,,2023,6,12.827
LAO,,2023,7,8.932
LAO,,2023,8,10.094
LAO,,2023,9,9.779
LAO,,2023,10,12.383
LAO,,2023,11,14.599
LAO,,2023,12,11.378
LKA,,2018,1,14.175
LKA,,2018,2,16.66
LKA,,2018,3,18.654
LKA,,2018,4,16.57
LKA,,2018,5,10.529
LKA,,2018,6,14.27
LKA,,2018,7,10.52
LKA,,2018,8,11.383
LKA,,2018,9,7.503
LKA,,2018,10,6.518
LKA,,2018,11,7.772
LKA,,2018,12,14.728
LKA,,2019,1,14.904
LKA,,2019,2,14.787
LKA,,2019,3,24.463
LKA,,2019,4,19.573
LKA,,2019,5,10.973
LKA,,2019,6,14.252
LKA,,2019,7,12.672
LKA,,2019,8,10.781
LKA,,2019,9,11.88
LKA,,2019,10,6.317
LKA,,2019,11,10.465
LKA,,2019,12,12.075
LKA,,2020,1,14.465
LKA,,2020,2,20.107
LKA,,2020,3,19.03
LKA,,2020,4,20.27
LKA,,2020,5,15.672
LKA,,2020,6,10.185
LKA,,2020,7,11.264
LKA,,2020,8,8.37
LKA,,2020,9,9.087
LKA,,2020,10,7.498
LKA,,2020,11,7.626
LKA,,2020,12,12.252
LKA,,2021,1,16.253
LKA,,2021,2,17.239
LKA,,2021,3,17.884
LKA,,2021,4,16.012
LKA,,2021,5,11.842
LKA,,2021,6,10.761
LKA,,2021,7,8.033
LKA,,2021,8,4.774
LKA,,2021,9,7.977
LKA,,2021,10,10.389
LKA,,2021,11,8.048
LKA,,2021,12,11.361
LKA,,2022,1,19.1
LKA,,2022,2,16.235
LKA,,2022,3,15.713
LKA,,2022,4,18.669
LKA,,2022,5,14.075
LKA,,2022,6,16.686
LKA,,2022,7,10.988
LKA,,2022,8,7.383
LKA,,2022,9,6.424
LKA,,2022,10,7.644
LKA,,2022,11,10.633
LKA,,2022,12,11.883
LKA,,2023,1,20.705
LKA,,2023,2,20.357
LKA,,2023,3,15.11
LKA,,2023,4,18.627
LKA,,2023,5,15.065
LKA,,2023,6,11.031
LKA,,2023,7,11.796
LKA,,2023,8,6.542
LKA,,2023,9,5.373
LKA,,2023,10,8.121
LKA,,2023,11,15.041
LKA,,2023,12,14.465
MLI,,2018,1,18.249
MLI,,2018,2,20.243
MLI,,2018,3,18.268
MLI,,2018,4,19.972
MLI,,2018,5,15.403
MLI,,2018,6,13.993
MLI,,2018,7,10.182
MLI,,2018,8,9.827
MLI,,2018,9,8.382
MLI,,2018,10,11.67
MLI,,2018,11,13.136
MLI,,2018,12,12.242
MLI,,2019,1,18.961
MLI,,2019,2,21.957
MLI,,2019,3,16.765
MLI,,2019,4,20.918
MLI,,2019,5,13.136
MLI,,2019,6,19.106
MLI,,2019,7,9.636
MLI,,2019,8,14.565
MLI,,2019,9,8.606
MLI,,2019,10,8.125
MLI,,2019,11,13.27
MLI,,2019,12,18.72
MLI,,2020,1,12.087
MLI,,2020,2,22.909
MLI,,2020,3,21.767
MLI,,2020,4,19.467
MLI,,2020,5,19.692
MLI,,2020,6,16.087
MLI,,2020,7,9.906
MLI,,2020,8,7.991
MLI,,2020,9,11.511
MLI,,2020,10,13.723
MLI,,2020,11,11.081
MLI,,2020,12,11.894
MLI,,2021,1,18.56
MLI,,2021,2,19.065
MLI,,2021,3,19.654
MLI,,2021,4,19.153
MLI,,2021,5,15.761
MLI,,2021,6,12.532
MLI,,2021,7,10.452
MLI,,2021,8,14.598
MLI,,2021,9,12.604
MLI,,2021,10,14.693
MLI,,2021,11,10.175
MLI,,2021,12,11.308
MLI,,2022,1,12.298
MLI,,2022,2,16.225
MLI,,2022,3,16.735
MLI,,2022,4,15.666
MLI,,2022,5,19.22
MLI,,2022,6,15.358
MLI,,2022,7,10.742
MLI,,2022,8,7.985
MLI,,2022,9,7.753
MLI,,2022,10,10.017
MLI,,2022,11,12.341
MLI,,2022,12,12.84
MLI,,2023,1,16.174
MLI,,2023,2,20.328
MLI,,2023,3,18.171
MLI,,2023,4,17.069
MLI,,2023,5,13.951
MLI,,2023,6,16.749
MLI,,2023,7,11.665
MLI,,2023,8,9.967
MLI,,2023,9,7.445
MLI,,2023,10,5.283
MLI,,2023,11,14.432
MLI,,2023,12,21.978
MMR,,2018,1,19.787
MMR,,2018,2,17.611
MMR,,2018,3,20.432
MMR,,2018,4,17.245
MMR,,2018,5,15.745
MMR,,2018,6,9.539
MMR,,2018,7,9.162
MMR,,2018,8,18.827
MMR,,2018,9,6.133
MMR,,2018,10,10.247
MMR,,2018,11,13.119
MMR,,2018,12,15.176
MMR,,2019,1,14.725
MMR,,2019,2,21.581
MMR,,2019,3,20.209
MMR,,2019,4,18.681
MMR,,2019,5,20.021
MMR,,2019,6,15.61
MMR,,2019,7,12.497
MMR,,2019,8,8.095
MMR,,2019,9,8.027
MMR,,2019,10,11.609
MMR,,2019,11,13.866
MMR,,2019,12,16.844
MMR,,2020,1,19.605
MMR,,2020,2,19.867
MMR,,2020,3,20.493
MMR,,2020,4,16.472
MMR,,2020,5,19.536
MMR,,2020,6,23.337
MMR,,2020,7,11.753
MMR,,2020,8,7.697
MMR,,2020,9,10.064
MMR,,2020,10,6.881
MMR,,2020,11,12.209
MMR,,2020,12,11.332
MMR,,2021,1,12.307
MMR,,2021,2,18.318
MMR,,2021,3,12.405
MMR,,2021,4,16.529
MMR,,2021,5,15.572
MMR,,2021,6,11.495
MMR,,2021,7,15.038
MMR,,2021,8,11.937
MMR,,2021,9,13.451
MMR,,2021,10,12.782
MMR,,2021,11,13.441
MMR,,2021,12,16.286
MMR,,2022,1,17.698
MMR,,2022,2,17.013
MMR,,2022,3,19.57
MMR,,2022,4,22.364
MMR,,2022,5,12.051
MMR,,2022,6,18.875
MMR,,2022,7,6.668
MMR,,2022,8,9.729
MMR,,2022,9,11.047
MMR,,2022,10,6.445
MMR,,2022,11,12.845
MMR,,2022,12,9.175
MMR,,2023,1,16.399
MMR,,2023,2,17.221
MMR,,2023,3,21.458
MMR,,2023,4,17.986
MMR,,2023,5,15.33
MMR,,2023,6,15.118
MMR,,2023,7,5.535
MMR,,2023,8,8.851
MMR,,2023,9,14.164
MMR,,2023,10,7.757
MMR,,2023,11,11.172
MMR,,2023,12,14.865
MEX,,2018,1,18.288
MEX,,2018,2,14.961
MEX,,2018,3,21.426
MEX,,2018,4,17.741
MEX,,2018,5,17.693
MEX,,2018,6,15.892
MEX,,2018,7,10.133
MEX,,2018,8,12.606
MEX,,2018,9,9.836
MEX,,2018,10,11.741
MEX,,2018,11,12.685
MEX,,2018,12,16.357
MEX,,2019,1,15.937
MEX,,2019,2,21.38
MEX,,2019,3,18.467
MEX,,2019,4,19.784
MEX,,2019,5,20.774
MEX,,2019,6,18.839
MEX,,2019,7,13.741
MEX,,2019,8,7.417
MEX,,2019,9,14.665
MEX,,2019,10,10.6
MEX,,2019,11,14.6
MEX,,2019,12,17.458
MEX,,2020,1,20.333
MEX,,2020,2,24.522
MEX,,2020,3,19.42
MEX,,2020,4,22.054
MEX,,2020,5,12.047
MEX,,2020,6,14.131
MEX,,2020,7,17.398
MEX,,2020,8,10.418
MEX,,2020,9,10.254
MEX,,2020,10,11.302
MEX,,2020,11,15.376
MEX,,2020,12,15.266
MEX,,2021,1,18.161
MEX,,2021,2,17.961
MEX,,2021,3,20.435
MEX,,2021,4,18.694
MEX,,2021,5,19.653
MEX,,2021,6,14.781
MEX,,2021,7,11.106
MEX,,2021,8,10.121
MEX,,2021,9,4.858
MEX,,2021,10,12.82
MEX,,2021,11,9.528
MEX,,2021,12,15.43
MEX,,2022,1,17.816
MEX,,2022,2,13.954
MEX,,2022,3,17.43
MEX,,2022,4,22.576
MEX,,2022,5,17.81
MEX,,2022,6,13.654
MEX,,2022,7,15.608
MEX,,2022,8,8.274
MEX,,2022,9,11.1
MEX,,2022,10,10.981
MEX,,2022,11,15.903
MEX,,2022,12,18.935
MEX,,2023,1,15.082
MEX,,2023,2,19.722
MEX,,2023,3,24.742
MEX,,2023,4,16.338
MEX,,2023,5,21.642
MEX,,2023,6,17.325
MEX,,2023,7,14.495
MEX,,2023,8,8.052
MEX,,2023,9,11.341
MEX,,2023,10,7.88
MEX,,2023,11,14.592
MEX,,2023,12,17.544
MYS,,2018,1,16.91
MYS,,2018,2,12.467
MYS,,2018,3,18.013
MYS,,2018,4,12.862
MYS,,2018,5,13.712
MYS,,2018,6,14.437
MYS,,2018,7,10.877
MYS,,2018,8,7.154
MYS,,2018,9,9.607
MYS,,2018,10,12.445
MYS,,2018,11,12.707
MYS,,2018,12,15.685
MYS,,2019,1,17.992
MYS,,2019,2,15.803
MYS,,2019,3,16.272
MYS,,2019,4,18.706
MYS,,2019,5,16.867
MYS,,2019,6,12.389
MYS,,2019,7,13.449
MYS,,2019,8,9.954
MYS,,2019,9,7.299
MYS,,2019,10,8.768
MYS,,2019,11,10.709
MYS,,2019,12,11.408
MYS,,2020,1,16.718
MYS,,2020,2,17.642
MYS,,2020,3,15.45
MYS,,2020,4,12.617
MYS,,2020,5,18.625
MYS,,2020,6,10.419
MYS,,2020,7,11.333
MYS,,2020,8,8.963
MYS,,2020,9,10.415
MYS,,2020,10,8.234
MYS,,2020,11,9.982
MYS,,2020,12,13.413
MYS,,2021,1,17.968
MYS,,2021,2,16.049
MYS,,2021,3,14.456
MYS,,2021,4,17.787
MYS,,2021,5,15.92
MYS,,2021,6,15.144
MYS,,2021,7,11.304
MYS,,2021,8,13.353
MYS,,2021,9,4.452
MYS,,2021,10,5.143
MYS,,2021,11,9.518
MYS,,2021,12,15.433
MYS,,2022,1,14.046
MYS,,2022,2,17.161
MYS,,2022,3,20.09
MYS,,2022,4,13.321
MYS,,2022,5,11.53
MYS,,2022,6,11.016
MYS,,2022,7,7.481
MYS,,2022,8,11.866
MYS,,2022,9,5.055
MYS,,2022,10,11.867
MYS,,2022,11,11.79
MYS,,2022,12,9.341
MYS,,2023,1,16.125
MYS,,2023,2,13.107
MYS,,2023,3,20.32
MYS,,2023,4,20.711
MYS,,2023,5,15.508
MYS,,2023,6,14.379
MYS,,2023,7,7.097
MYS,,2023,8,11.227
MYS,,2023,9,7.967
MYS,,2023,10,10.442
MYS,,2023,11,12.238
MYS,,2023,12,9.938
MOZ,,2018,1,14.296
MOZ,,2018,2,20.201
MOZ,,2018,3,21.27
MOZ,,2018,4,18.466
MOZ,,2018,5,18.143
MOZ,,2018,6,12.756
MOZ,,2018,7,11.27
MOZ,,2018,8,8.717
MOZ,,2018,9,11.107
MOZ,,2018,10,8.246
MOZ,,2018,11,7.569
MOZ,,2018,12,15.665
MOZ,,2019,1,15.358
MOZ,,2019,2,19.684
MOZ,,2019,3,18.943
MOZ,,2019,4,18.476
MOZ,,2019,5,18.914
MOZ,,2019,6,16.188
MOZ,,2019,7,11.648
MOZ,,2019,8,11.166
MOZ,,2019,9,6.506
MOZ,,2019,10,6.996
MOZ,,2019,11,15.289
MOZ,,2019,12,17.55
MOZ,,2020,1,15.263
MOZ,,2020,2,19.636
MOZ,,2020,3,14.3
MOZ,,2020,4,20.392
MOZ,,2020,5,14.283
MOZ,,2020,6,14.119
MOZ,,2020,7,12.722
MOZ,,2020,8,9.623
MOZ,,2020,9,7.933
MOZ,,2020,10,6.764
MOZ,,2020,11,14.037
MOZ,,2020,12,17.313
MOZ,,2021,1,15.051
MOZ,,2021,2,15.413
MOZ,,2021,3,15.161
MOZ,,2021,4,20.696
MOZ,,2021,5,13.814
MOZ,,2021,6,12.006
MOZ,,2021,7,9.451
MOZ,,2021,8,7.423
MOZ,,2021,9,12.089
MOZ,,2021,10,8.369
MOZ,,2021,11,9.11
MOZ,,2021,12,16.444
MOZ,,2022,1,15.356
MOZ,,2022,2,20.974
MOZ,,2022,3,16.947
MOZ,,2022,4,20.307
MOZ,,2022,5,14.908
MOZ,,2022,6,14.943
MOZ,,2022,7,10.624
MOZ,,2022,8,7.883
MOZ,,2022,9,15.553
MOZ,,2022,10,12.141
MOZ,,2022,11,14.526
MOZ,,2022,12,13.776
MOZ,,2023,1,18.068
MOZ,,2023,2,19.4
MOZ,,2023,3,19.056
MOZ,,2023,4,21.802
MOZ,,2023,5,16.628
MOZ,,2023,6,15.784
MOZ,,2023,7,16.746
MOZ,,2023,8,7.759
MOZ,,2023,9,7.521
MOZ,,2023,10,8.452
MOZ,,2023,11,10.427
MOZ,,2023,12,16.101
NER,,2018,1,16.918
NER,,2018,2,17.266
NER,,2018,3,18.406
NER,,2018,4,20.073
NER,,2018,5,14.768
NER,,2018,6,14.235
NER,,2018,7,7.752
NER,,2018,8,7.179
NER,,2018,9,8.382
NER,,2018,10,5.764
NER,,2018,11,11.783
NER,,2018,12,14.616
NER,,2019,1,16.297
NER,,2019,2,18.219
NER,,2019,3,20.615
NER,,2019,4,13.601
NER,,2019,5,14.663
NER,,2019,6,10.835
NER,,2019,7,12.938
NER,,2019,8,11.06
NER,,2019,9,6.883
NER,,2019,10,8.34
NER,,2019,11,14.133
NER,,2019,12,16.068
NER,,2020,1,14.891
NER,,2020,2,19.196
NER,,2020,3,23.477
NER,,2020,4,15.748
NER,,2020,5,15.224
NER,,2020,6,14.424
NER,,2020,7,12.827
NER,,2020,8,10.18
NER,,2020,9,11.698
NER,,2020,10,9.207
NER,,2020,11,11.79
NER,,2020,12,13.281
NER,,2021,1,15.457
NER,,2021,2,18.698
NER,,2021,3,22.42
NER,,2021,4,16.49
NER,,2021,5,18.54
NER,,2021,6,13.65
NER,,2021,7,13.098
NER,,2021,8,13.417
NER,,2021,9,9.891
NER,,2021,10,8.103
NER,,2021,11,9.904
NER,,2021,12,14.258
NER,,2022,1,20.59
NER,,2022,2,17.003
NER,,2022,3,17.08
NER,,2022,4,18.565
NER,,2022,5,13.109
NER,,2022,6,19.758
NER,,2022,7,9.509
NER,,2022,8,11.952
NER,,2022,9,6.281
NER,,2022,10,7.808
NER,,2022,11,12.082
NER,,2022,12,15.913
NER,,2023,1,20.392
NER,,2023,2,19.505
NER,,2023,3,20.773
NER,,2023,4,21.931
NER,,2023,5,16.955
NER,,2023,6,11.603
NER,,2023,7,10.124
NER,,2023,8,10.591
NER,,2023,9,3.471
NER,,2023,10,8.106
NER,,2023,11,13.508
NER,,2023,12,16.572
NGA,,2018,1,16.604
NGA,,2018,2,15.578
NGA,,2018,3,22.903
NGA,,2018,4,18.894
NGA,,2018,5,21.449
NGA,,2018,6,11.544
NGA,,2018,7,10.595
NGA,,2018,8,10.175
NGA,,2018,9,10.013
NGA,,2018,10,8.413
NGA,,2018,11,12.497
NGA,,2018,12,11.204
NGA,,2019,1,14.644
NGA,,2019,2,18.005
NGA,,2019,3,17.337
NGA,,2019,4,22.783
NGA,,2019,5,15.468
NGA,,2019,6,16.28
NGA,,2019,7,14.216
NGA,,2019,8,12.754
NGA,,2019,9,10.49
NGA,,2019,10,10.203
NGA,,2019,11,13.009
NGA,,2019,12,16.019
NGA,,2020,1,14.09
NGA,,2020,2,15.364
NGA,,2020,3,14.723
NGA,,2020,4,14.005
NGA,,2020,5,12.929
NGA,,2020,6,18.73
NGA,,2020,7,15.388
NGA,,2020,8,6.796
NGA,,2020,9,9.88
NGA,,2020,10,3.727
NGA,,2020,11,9.409
NGA,,2020,12,16.323
NGA,,2021,1,20.371
NGA,,2021,2,17.417
NGA,,2021,3,20.922
NGA,,2021,4,19.401
NGA,,2021,5,15.652
NGA,,2021,6,11.972
NGA,,2021,7,14.035
NGA,,2021,8,9.793
NGA,,2021,9,12.484
NGA,,2021,10,10.406
NGA,,2021,11,8.617
NGA,,2021,12,13.215
NGA,,2022,1,18.492
NGA,,2022,2,18.984
NGA,,2022,3,17.227
NGA,,2022,4,16.473
NGA,,2022,5,15.745
NGA,,2022,6,10.688
NGA,,2022,7,13.919
NGA,,2022,8,14.188
NGA,,2022,9,6.785
NGA,,2022,10,13.271
NGA,,2022,11,12.698
NGA,,2022,12,16.444
NGA,,2023,1,17.146
NGA,,2023,2,17.987
NGA,,2023,3,17.621
NGA,,2023,4,21.934
NGA,,2023,5,14.472
NGA,,2023,6,12.519
NGA,,2023,7,9.973
NGA,,2023,8,12.19
NGA,,2023,9,9.783
NGA,,2023,10,7.356
NGA,,2023,11,9.575
NGA,,2023,12,15.106
NPL,,2018,1,18.232
NPL,,2018,2,22.398
NPL,,2018,3,20.158
NPL,,2018,4,22.143
NPL,,2018,5,13.674
NPL,,2018,6,15.122
NPL,,2018,7,14.224
NPL,,2018,8,9.329
NPL,,2018,9,11.03
NPL,,2018,10,9.342
NPL,,2018,11,13.24
NPL,,2018,12,12.451
NPL,,2019,1,19.474
NPL,,2019,2,20.315
NPL,,2019,3,19.522
NPL,,2019,4,14.599
NPL,,2019,5,16.562
NPL,,2019,6,11.515
NPL,,2019,7,13.508
NPL,,2019,8,10.562
NPL,,2019,9,10.157
NPL,,2019,10,5.738
NPL,,2019,11,14.719
NPL,,2019,12,15.774
NPL,,2020,1,18.341
NPL,,2020,2,22.931
NPL,,2020,3,21.652
NPL,,2020,4,14.372
NPL,,2020,5,16.053
NPL,,2020,6,12.393
NPL,,2020,7,15.708
NPL,,2020,8,12.435
NPL,,2020,9,9.515
NPL,,2020,10,7.102
NPL,,2020,11,12.435
NPL,,2020,12,10.196
NPL,,2021,1,17.574
NPL,,2021,2,21.615
NPL,,2021,3,23.471
NPL,,2021,4,17.408
NPL,,2021,5,14.765
NPL,,2021,6,15.012
NPL,,2021,7,12.791
NPL,,2021,8,13.062
NPL,,2021,9,8.179
NPL,,2021,10,9.892
NPL,,2021,11,12.608
NPL,,2021,12,12.857
NPL,,2022,1,17.621
NPL,,2022,2,18.826
NPL,,2022,3,17.821
NPL,,2022,4,17.413
NPL,,2022,5,14.082
NPL,,2022,6,16.499
NPL,,2022,7,14.124
NPL,,2022,8,10.547
NPL,,2022,9,11.396
NPL,,2022,10,8.071
NPL,,2022,11,11.22
NPL,,2022,12,17.315
NPL,,2023,1,16.648
NPL,,2023,2,19.54
NPL,,2023,3,23.897
NPL,,2023,4,15.529
NPL,,2023,5,18.102
NPL,,2023,6,15.205
NPL,,2023,7,13.091
NPL,,2023,8,4.886
NPL,,2023,9,15.745
NPL,,2023,10,14.835
NPL,,2023,11,14.597
NPL,,2023,12,12.714
PER,,2018,1,12.665
PER,,2018,2,22.955
PER,,2018,3,20.61
PER,,2018,4,18.96
PER,,2018,5,16.789
PER,,2018,6,12.377
PER,,2018,7,7.779
PER,,2018,8,7.006
PER,,2018,9,8.34
PER,,2018,10,8.23
PER,,2018,11,12.97
PER,,2018,12,16.016
PER,,2019,1,17.896
PER,,2019,2,21.239
PER,,2019,3,22.472
PER,,2019,4,16.375
PER,,2019,5,14.589
PER,,2019,6,16.346
PER,,2019,7,11.166
PER,,2019,8,10.213
PER,,2019,9,11.813
PER,,2019,10,12.878
PER,,2019,11,16.965
PER,,2019,12,10.216
PER,,2020,1,11.755
PER,,2020,2,21.021
PER,,2020,3,20.265
PER,,2020,4,20.511
PER,,2020,5,12.859
PER,,2020,6,15.858
PER,,2020,7,12.771
PER,,2020,8,8.392
PER,,2020,9,7.994
PER,,2020,10,9.319
PER,,2020,11,11.444
PER,,2020,12,14.096
PER,,2021,1,19.031
PER,,2021,2,15.617
PER,,2021,3,16.749
PER,,2021,4,20.798
PER,,2021,5,11.157
PER,,2021,6,13.756
PER,,2021,7,15.772
PER,,2021,8,5.356
PER,,2021,9,6.29
PER,,2021,10,7.338
PER,,2021,11,8.31
PER,,2021,12,16.329
PER,,2022,1,15.973
PER,,2022,2,16.065
PER,,2022,3,20.299
PER,,2022,4,12.835
PER,,2022,5,14.136
PER,,2022,6,15.431
PER,,2022,7,14.974
PER,,2022,8,8.508
PER,,2022,9,8.317
PER,,2022,10,4.19
PER,,2022,11,10.95
PER,,2022,12,15.791
PER,,2023,1,19.416
PER,,2023,2,22.258
PER,,2023,3,15.901
PER,,2023,4,16.637
PER,,2023,5,20.756
PER,,2023,6,12.13
PER,,2023,7,13.346
PER,,2023,8,3.0
PER,,2023,9,8.542
PER,,2023,10,9.265
PER,,2023,11,9.293
PER,,2023,12,15.905
PHL,,2018,1,17.155
PHL,,2018,2,20.586
PHL,,2018,3,19.046
PHL,,2018,4,20.227
PHL,,2018,5,16.165
PHL,,2018,6,10.436
PHL,,2018,7,11.518
PHL,,2018,8,9.612
PHL,,2018,9,8.88
PHL,,2018,10,9.194
PHL,,2018,11,15.89
PHL,,2018,12,14.476
PHL,,2019,1,15.579
PHL,,2019,2,21.112
PHL,,2019,3,20.982
PHL,,2019,4,18.227
PHL,,2019,5,15.082
PHL,,2019,6,10.947
PHL,,2019,7,9.463
PHL,,2019,8,8.128
PHL,,2019,9,9.801
PHL,,2019,10,9.821
PHL,,2019,11,12.059
PHL,,2019,12,15.293
PHL,,2020,1,16.688
PHL,,2020,2,17.036
PHL,,2020,3,18.215
PHL,,2020,4,16.15
PHL,,2020,5,15.802
PHL,,2020,6,14.136
PHL,,2020,7,13.521
PHL,,2020,8,6.06
PHL,,2020,9,10.583
PHL,,2020,10,5.763
PHL,,2020,11,16.211
PHL,,2020,12,16.85
PHL,,2021,1,18.81
PHL,,2021,2,24.234
PHL,,2021,3,20.883
PHL,,2021,4,20.835
PHL,,2021,5,17.533
PHL,,2021,6,14.773
PHL,,2021,7,11.689
PHL,,2021,8,11.132
PHL,,2021,9,9.911
PHL,,2021,10,8.628
PHL,,2021,11,11.792
PHL,,2021,12,15.197
PHL,,2022,1,16.713
PHL,,2022,2,20.041
PHL,,2022,3,21.486
PHL,,2022,4,15.491
PHL,,2022,5,13.205
PHL,,2022,6,14.618
PHL,,2022,7,10.209
PHL,,2022,8,10.923
PHL,,2022,9,9.654
PHL,,2022,10,13.28
PHL,,2022,11,15.718
PHL,,2022,12,16.28
PHL,,2023,1,16.614
PHL,,2023,2,17.597
PHL,,2023,3,20.291
PHL,,2023,4,17.789
PHL,,2023,5,19.111
PHL,,2023,6,14.602
PHL,,2023,7,15.75
PHL,,2023,8,11.137
PHL,,2023,9,8.543
PHL,,2023,10,10.308
PHL,,2023,11,12.675
PHL,,2023,12,16.104
PAK,,2018,1,13.978
PAK,,2018,2,24.286
PAK,,2018,3,20.615
PAK,,2018,4,18.934
PAK,,2018,5,15.016
PAK,,2018,6,15.992
PAK,,2018,7,11.601
PAK,,2018,8,11.752
PAK,,2018,9,12.926
PAK,,2018,10,14.766
PAK,,2018,11,11.683
PAK,,2018,12,15.717
PAK,,2019,1,20.981
PAK,,2019,2,19.934
PAK,,2019,3,21.029
PAK,,2019,4,19.394
PAK,,2019,5,22.495
PAK,,2019,6,16.528
PAK,,2019,7,16.286
PAK,,2019,8,13.045
PAK,,2019,9,11.302
PAK,,2019,10,14.539
PAK,,2019,11,16.811
PAK,,2019,12,20.436
PAK,,2020,1,19.346
PAK,,2020,2,16.105
PAK,,2020,3,24.718
PAK,,2020,4,22.017
PAK,,2020,5,19.58
PAK,,2020,6,10.273
PAK,,2020,7,12.757
PAK,,2020,8,11.765
PAK,,2020,9,11.142
PAK,,2020,10,12.162
PAK,,2020,11,17.011
PAK,,2020,12,14.98
PAK,,2021,1,18.061
PAK,,2021,2,22.484
PAK,,2021,3,18.972
PAK,,2021,4,18.358
PAK,,2021,5,16.531
PAK,,2021,6,10.234
PAK,,2021,7,12.827
PAK,,2021,8,12.308
PAK,,2021,9,9.818
PAK,,2021,10,11.074
PAK,,2021,11,14.636
PAK,,2021,12,16.385
PAK,,2022,1,17.605
PAK,,2022,2,18.587
PAK,,2022,3,27.517
PAK,,2022,4,17.542
PAK,,2022,5,21.214
PAK,,2022,6,17.269
PAK,,2022,7,14.648
PAK,,2022,8,11.239
PAK,,2022,9,13.117
PAK,,2022,10,9.281
PAK,,2022,11,14.063
PAK,,2022,12,13.353
PAK,,2023,1,18.78
PAK,,2023,2,22.831
PAK,,2023,3,28.388
PAK,,2023,4,25.728
PAK,,2023,5,17.28
PAK,,2023,6,17.302
PAK,,2023,7,17.257
PAK,,2023,8,14.013
PAK,,2023,9,12.35
PAK,,2023,10,17.36
PAK,,2023,11,11.351
PAK,,2023,12,19.849
RUS,,2018,1,23.071
RUS,,2018,2,23.899
RUS,,2018,3,28.303
RUS,,2018,4,23.906
RUS,,2018,5,19.83
RUS,,2018,6,21.124
RUS,,2018,7,10.023
RUS,,2018,8,19.517
RUS,,2018,9,15.676
RUS,,2018,10,12.247
RUS,,2018,11,17.581
RUS,,2018,12,19.512
RUS,,2019,1,18.446
RUS,,2019,2,25.016
RUS,,2019,3,23.546
RUS,,2019,4,24.839
RUS,,2019,5,22.045
RUS,,2019,6,19.491
RUS,,2019,7,16.094
RUS,,2019,8,17.786
RUS,,2019,9,14.772
RUS,,2019,10,15.19
RUS,,2019,11,23.125
RUS,,2019,12,21.758
RUS,,2020,1,20.604
RUS,,2020,2,23.893
RUS,,2020,3,23.812
RUS,,2020,4,25.138
RUS,,2020,5,22.682
RUS,,2020,6,14.298
RUS,,2020,7,14.18
RUS,,2020,8,11.521
RUS,,2020,9,10.637
RUS,,2020,10,15.543
RUS,,2020,11,15.1
RUS,,2020,12,17.764
RUS,,2021,1,19.915
RUS,,2021,2,21.152
RUS,,2021,3,22.899
RUS,,2021,4,18.122
RUS,,2021,5,23.209
RUS,,2021,6,18.281
RUS,,2021,7,16.439
RUS,,2021,8,13.486
RUS,,2021,9,13.099
RUS,,2021,10,8.769
RUS,,2021,11,18.226
RUS,,2021,12,11.207
RUS,,2022,1,19.55
RUS,,2022,2,24.082
RUS,,2022,3,19.283
RUS,,2022,4,21.507
RUS,,2022,5,18.521
RUS,,2022,6,15.032
RUS,,2022,7,14.76
RUS,,2022,8,13.351
RUS,,2022,9,14.626
RUS,,2022,10,13.346
RUS,,2022,11,21.229
RUS,,2022,12,14.305
RUS,,2023,1,18.68
RUS,,2023,2,22.34
RUS,,2023,3,22.078
RUS,,2023,4,19.945
RUS,,2023,5,25.256
RUS,,2023,6,18.3
RUS,,2023,7,16.589
RUS,,2023,8,14.283
RUS,,2023,9,15.762
RUS,,2023,10,12.885
RUS,,2023,11,14.914
RUS,,2023,12,19.824
SAU,,2018,1,12.396
SAU,,2018,2,21.064
SAU,,2018,3,20.524
SAU,,2018,4,18.57
SAU,,2018,5,19.945
SAU,,2018,6,12.71
SAU,,2018,7,14.257
SAU,,2018,8,10.907
SAU,,2018,9,10.257
SAU,,2018,10,8.411
SAU,,2018,11,13.327
SAU,,2018,12,14.588
SAU,,2019,1,16.133
SAU,,2019,2,16.43
SAU,,2019,3,18.266
SAU,,2019,4,16.367
SAU,,2019,5,20.53
SAU,,2019,6,20.381
SAU,,2019,7,16.559
SAU,,2019,8,7.189
SAU,,2019,9,7.929
SAU,,2019,10,6.848
SAU,,2019,11,11.791
SAU,,2019,12,14.671
SAU,,2020,1,16.396
SAU,,2020,2,15.548
SAU,,2020,3,19.83
SAU,,2020,4,19.135
SAU,,2020,5,17.426
SAU,,2020,6,14.856
SAU,,2020,7,11.378
SAU,,2020,8,9.629
SAU,,2020,9,8.321
SAU,,2020,10,10.739
SAU,,2020,11,14.289
SAU,,2020,12,15.56
SAU,,2021,1,16.915
SAU,,2021,2,21.635
SAU,,2021,3,16.519
SAU,,2021,4,19.719
SAU,,2021,5,16.937
SAU,,2021,6,14.545
SAU,,2021,7,11.995
SAU,,2021,8,6.535
SAU,,2021,9,10.511
SAU,,2021,10,13.27
SAU,,2021,11,12.494
SAU,,2021,12,14.379
SAU,,2022,1,16.487
SAU,,2022,2,19.752
SAU,,2022,3,14.711
SAU,,2022,4,19.811
SAU,,2022,5,18.734
SAU,,2022,6,11.21
SAU,,2022,7,14.483
SAU,,2022,8,8.573
SAU,,2022,9,9.776
SAU,,2022,10,9.616
SAU,,2022,11,14.349
SAU,,2022,12,14.433
SAU,,2023,1,15.742
SAU,,2023,2,17.002
SAU,,2023,3,18.913
SAU,,2023,4,20.768
SAU,,2023,5,15.418
SAU,,2023,6,14.708
SAU,,2023,7,15.442
SAU,,2023,8,9.834
SAU,,2023,9,8.818
SAU,,2023,10,11.055
SAU,,2023,11,13.374
SAU,,2023,12,15.409
SSD,,2018,1,16.227
SSD,,2018,2,16.845
SSD,,2018,3,16.131
SSD,,2018,4,18.792
SSD,,2018,5,13.34
SSD,,2018,6,11.22
SSD,,2018,7,11.136
SSD,,2018,8,8.767
SSD,,2018,9,5.014
SSD,,2018,10,9.952
SSD,,2018,11,9.898
SSD,,2018,12,16.646
SSD,,2019,1,16.967
SSD,,2019,2,16.15
SSD,,2019,3,20.468
SSD,,2019,4,15.506
SSD,,2019,5,18.127
SSD,,2019,6,10.502
SSD,,2019,7,15.56
SSD,,2019,8,7.884
SSD,,2019,9,5.921
SSD,,2019,10,8.166
SSD,,2019,11,12.112
SSD,,2019,12,13.609
SSD,,2020,1,13.079
SSD,,2020,2,15.456
SSD,,2020,3,17.5
SSD,,2020,4,15.621
SSD,,2020,5,15.315
SSD,,2020,6,10.141
SSD,,2020,7,5.719
SSD,,2020,8,9.426
SSD,,2020,9,7.438
SSD,,2020,10,13.495
SSD,,2020,11,12.163
SSD,,2020,12,13.019
SSD,,2021,1,11.973
SSD,,2021,2,18.025
SSD,,2021,3,12.743
SSD,,2021,4,18.642
SSD,,2021,5,17.824
SSD,,2021,6,11.523
SSD,,2021,7,10.859
SSD,,2021,8,9.687
SSD,,2021,9,11.183
SSD,,2021,10,9.963
SSD,,2021,11,12.106
SSD,,2021,12,12.158
SSD,,2022,1,17.218
SSD,,2022,2,15.498
SSD,,2022,3,14.665
SSD,,2022,4,18.769
SSD,,2022,5,16.27
SSD,,2022,6,11.893
SSD,,2022,7,14.593
SSD,,2022,8,8.245
SSD,,2022,9,9.571
SSD,,2022,10,12.731
SSD,,2022,11,11.752
SSD,,2022,12,14.069
SSD,,2023,1,16.94
SSD,,2023,2,18.756
SSD,,2023,3,17.734
SSD,,2023,4,13.671
SSD,,2023,5,13.703
SSD,,2023,6,10.734
SSD,,2023,7,11.178
SSD,,2023,8,7.021
SSD,,2023,9,12.824
SSD,,2023,10,6.469
SSD,,2023,11,7.096
SSD,,2023,12,13.217
TCD,,2018,1,15.145
TCD,,2018,2,24.92
TCD,,2018,3,18.451
TCD,,2018,4,19.743
TCD,,2018,5,15.803
TCD,,2018,6,16.514
TCD,,2018,7,12.991
TCD,,2018,8,10.201
TCD,,2018,9,7.138
TCD,,2018,10,14.639
TCD,,2018,11,12.174
TCD,,2018,12,12.09
TCD,,2019,1,17.675
TCD,,2019,2,16.075
TCD,,2019,3,20.762
TCD,,2019,4,16.442
TCD,,2019,5,16.648
TCD,,2019,6,12.853
TCD,,2019,7,10.339
TCD,,2019,8,8.48
TCD,,2019,9,7.883
TCD,,2019,10,9.576
TCD,,2019,11,8.915
TCD,,2019,12,13.373
TCD,,2020,1,13.736
TCD,,2020,2,20.971
TCD,,2020,3,14.077
TCD,,2020,4,19.328
TCD,,2020,5,13.256
TCD,,2020,6,13.716
TCD,,2020,7,14.935
TCD,,2020,8,10.432
TCD,,2020,9,9.748
TCD,,2020,10,8.728
TCD,,2020,11,13.217
TCD,,2020,12,13.036
TCD,,2021,1,16.662
TCD,,2021,2,21.188
TCD,,2021,3,20.033
TCD,,2021,4,16.946
TCD,,2021,5,16.135
TCD,,2021,6,18.401
TCD,,2021,7,12.927
TCD,,2021,8,10.854
TCD,,2021,9,8.425
TCD,,2021,10,9.256
TCD,,2021,11,8.399
TCD,,2021,12,14.496
TCD,,2022,1,12.193
TCD,,2022,2,15.789
TCD,,2022,3,19.461
TCD,,2022,4,21.694
TCD,,2022,5,14.07
TCD,,2022,6,16.836
TCD,,2022,7,8.932
TCD,,2022,8,10.109
TCD,,2022,9,12.926
TCD,,2022,10,13.775
TCD,,2022,11,9.796
TCD,,2022,12,8.735
TCD,,2023,1,16.242
TCD,,2023,2,16.102
TCD,,2023,3,17.471
TCD,,2023,4,22.008
TCD,,2023,5,18.009
TCD,,2023,6,13.864
TCD,,2023,7,11.954
TCD,,2023,8,11.841
TCD,,2023,9,9.321
TCD,,2023,10,11.16
TCD,,2023,11,10.704
TCD,,2023,12,15.958
THA,,2018,1,18.279
THA,,2018,2,14.338
THA,,2018,3,18.548
THA,,2018,4,26.15
THA,,2018,5,18.795
THA,,2018,6,14.401
THA,,2018,7,15.127
THA,,2018,8,9.875
THA,,2018,9,11.174
THA,,2018,10,9.188
THA,,2018,11,8.372
THA,,2018,12,13.088
THA,,2019,1,20.684
THA,,2019,2,13.302
THA,,2019,3,15.836
THA,,2019,4,19.496
THA,,2019,5,16.051
THA,,2019,6,13.687
THA,,2019,7,15.353
THA,,2019,8,8.22
THA,,2019,9,4.476
THA,,2019,10,12.026
THA,,2019,11,9.832
THA,,2019,12,11.195
THA,,2020,1,16.192
THA,,2020,2,13.929
THA,,2020,3,15.469
THA,,2020,4,22.444
THA,,2020,5,16.037
THA,,2020,6,12.647
THA,,2020,7,11.394
THA,,2020,8,9.026
THA,,2020,9,10.201
THA,,2020,10,10.755
THA,,2020,11,16.955
THA,,2020,12,17.001
THA,,2021,1,12.277
THA,,2021,2,18.227
THA,,2021,3,20.153
THA,,2021,4,17.476
THA,,2021,5,15.435
THA,,2021,6,13.024
THA,,2021,7,16.657
THA,,2021,8,11.037
THA,,2021,9,6.128
THA,,2021,10,13.436
THA,,2021,11,12.696
THA,,2021,12,9.127
THA,,2022,1,17.957
THA,,2022,2,18.575
THA,,2022,3,18.497
THA,,2022,4,21.465
THA,,2022,5,18.57
THA,,2022,6,12.88
THA,,2022,7,12.851
THA,,2022,8,12.941
THA,,2022,9,14.461
THA,,2022,10,11.633
THA,,2022,11,15.592
THA,,2022,12,17.506
THA,,2023,1,15.149
THA,,2023,2,18.98
THA,,2023,3,22.587
THA,,2023,4,21.384
THA,,2023,5,16.944
THA,,2023,6,11.066
THA,,2023,7,11.75
THA,,2023,8,9.936
THA,,2023,9,10.5
THA,,2023,10,9.98
THA,,2023,11,10.831
THA,,2023,12,12.774
TUR,,2018,1,17.91
TUR,,2018,2,20.226
TUR,,2018,3,21.066
TUR,,2018,4,23.124
TUR,,2018,5,19.486
TUR,,2018,6,14.352
TUR,,2018,7,10.112
TUR,,2018,8,11.431
TUR,,2018,9,4.406
TUR,,2018,10,10.105
TUR,,2018,11,12.61
TUR,,2018,12,16.421
TUR,,2019,1,20.681
TUR,,2019,2,21.857
TUR,,2019,3,24.645
TUR,,2019,4,24.448
TUR,,2019,5,15.731
TUR,,2019,6,16.824
TUR,,2019,7,15.831
TUR,,2019,8,8.505
TUR,,2019,9,14.825
TUR,,2019,10,14.187
TUR,,2019,11,15.014
TUR,,2019,12,19.307
TUR,,2020,1,18.258
TUR,,2020,2,20.274
TUR,,2020,3,22.482
TUR,,2020,4,25.782
TUR,,2020,5,19.661
TUR,,2020,6,14.143
TUR,,2020,7,14.242
TUR,,2020,8,12.102
TUR,,2020,9,4.936
TUR,,2020,10,15.021
TUR,,2020,11,14.961
TUR,,2020,12,17.963
TUR,,2021,1,21.015
TUR,,2021,2,18.808
TUR,,2021,3,18.08
TUR,,2021,4,17.291
TUR,,2021,5,18.724
TUR,,2021,6,20.157
TUR,,2021,7,13.017
TUR,,2021,8,11.062
TUR,,2021,9,11.563
TUR,,2021,10,12.273
TUR,,2021,11,13.196
TUR,,2021,12,15.305
TUR,,2022,1,19.515
TUR,,2022,2,21.3
TUR,,2022,3,20.706
TUR,,2022,4,20.966
TUR,,2022,5,18.364
TUR,,2022,6,11.521
TUR,,2022,7,11.102
TUR,,2022,8,13.563
TUR,,2022,9,13.48
TUR,,2022,10,12.762
TUR,,2022,11,13.569
TUR,,2022,12,14.487
TUR,,2023,1,20.944
TUR,,2023,2,24.663
TUR,,2023,3,22.98
TUR,,2023,4,17.276
TUR,,2023,5,15.017
TUR,,2023,6,14.183
TUR,,2023,7,16.69
TUR,,2023,8,11.416
TUR,,2023,9,14.554
TUR,,2023,10,15.98
TUR,,2023,11,15.284
TUR,,2023,12,18.37
TZA,,2018,1,17.305
TZA,,2018,2,16.548
TZA,,2018,3,21.4
TZA,,2018,4,18.867
TZA,,2018,5,9.145
TZA,,2018,6,11.759
TZA,,2018,7,3.13
TZA,,2018,8,9.937
TZA,,2018,9,9.942
TZA,,2018,10,8.711
TZA,,2018,11,9.707
TZA,,2018,12,12.047
TZA,,2019,1,11.449
TZA,,2019,2,19.765
TZA,,2019,3,16.033
TZA,,2019,4,17.694
TZA,,2019,5,13.813
TZA,,2019,6,12.504
TZA,,2019,7,9.471
TZA,,2019,8,7.851
TZA,,2019,9,7.487
TZA,,2019,10,6.899
TZA,,2019,11,15.057
TZA,,2019,12,11.428
TZA,,2020,1,12.852
TZA,,2020,2,17.071
TZA,,2020,3,15.518
TZA,,2020,4,21.806
TZA,,2020,5,16.757
TZA,,2020,6,11.124
TZA,,2020,7,9.898
TZA,,2020,8,6.276
TZA,,2020,9,12.223
TZA,,2020,10,6.173
TZA,,2020,11,11.317
TZA,,2020,12,16.632
TZA,,2021,1,16.281
TZA,,2021,2,18.205
TZA,,2021,3,12.447
TZA,,2021,4,20.984
TZA,,2021,5,16.738
TZA,,2021,6,14.607
TZA,,2021,7,12.224
TZA,,2021,8,8.798
TZA,,2021,9,10.808
TZA,,2021,10,10.673
TZA,,2021,11,14.606
TZA,,2021,12,12.589
TZA,,2022,1,14.006
TZA,,2022,2,16.805
TZA,,2022,3,22.168
TZA,,2022,4,17.36
TZA,,2022,5,16.562
TZA,,2022,6,15.701
TZA,,2022,7,4.5
TZA,,2022,8,9.101
TZA,,2022,9,10.487
TZA,,2022,10,8.892
TZA,,2022,11,13.994
TZA,,2022,12,14.062
TZA,,2023,1,13.292
TZA,,2023,2,18.236
TZA,,2023,3,18.734
TZA,,2023,4,20.476
TZA,,2023,5,17.458
TZA,,2023,6,12.656
TZA,,2023,7,13.752
TZA,,2023,8,3.108
TZA,,2023,9,4.441
TZA,,2023,10,3.0
TZA,,2023,11,7.474
TZA,,2023,12,10.162
UGA,,2018,1,13.245
UGA,,2018,2,19.987
UGA,,2018,3,18.597
UGA,,2018,4,18.064
UGA,,2018,5,15.911
UGA,,2018,6,10.877
UGA,,2018,7,8.753
UGA,,2018,8,7.396
UGA,,2018,9,9.951
UGA,,2018,10,11.365
UGA,,2018,11,11.253
UGA,,2018,12,14.428
UGA,,2019,1,15.95
UGA,,2019,2,17.159
UGA,,2019,3,16.586
UGA,,2019,4,23.709
UGA,,2019,5,14.053
UGA,,2019,6,13.738
UGA,,2019,7,9.544
UGA,,2019,8,7.321
UGA,,2019,9,4.472
UGA,,2019,10,11.325
UGA,,2019,11,11.647
UGA,,2019,12,12.153
UGA,,2020,1,14.653
UGA,,2020,2,13.577
UGA,,2020,3,16.872
UGA,,2020,4,19.233
UGA,,2020,5,18.975
UGA,,2020,6,9.387
UGA,,2020,7,8.181
UGA,,2020,8,6.622
UGA,,2020,9,6.126
UGA,,2020,10,4.872
UGA,,2020,11,9.469
UGA,,2020,12,14.662
UGA,,2021,1,18.001
UGA,,2021,2,17.946
UGA,,2021,3,17.804
UGA,,2021,4,15.098
UGA,,2021,5,17.5
UGA,,2021,6,13.406
UGA,,2021,7,9.412
UGA,,2021,8,7.816
UGA,,2021,9,11.154
UGA,,2021,10,11.13
UGA,,2021,11,12.848
UGA,,2021,12,14.768
UGA,,2022,1,13.617
UGA,,2022,2,16.867
UGA,,2022,3,18.777
UGA,,2022,4,15.294
UGA,,2022,5,17.421
UGA,,2022,6,13.698
UGA,,2022,7,8.508
UGA,,2022,8,5.621
UGA,,2022,9,8.689
UGA,,2022,10,7.914
UGA,,2022,11,8.827
UGA,,2022,12,12.467
UGA,,2023,1,19.264
UGA,,2023,2,17.466
UGA,,2023,3,17.419
UGA,,2023,4,16.574
UGA,,2023,5,18.201
UGA,,2023,6,15.511
UGA,,2023,7,11.234
UGA,,2023,8,9.257
UGA,,2023,9,8.804
UGA,,2023,10,5.444
UGA,,2023,11,17.469
UGA,,2023,12,14.272
USA,,2018,1,19.879
USA,,2018,2,21.31
USA,,2018,3,25.686
USA,,2018,4,19.904
USA,,2018,5,20.802
USA,,2018,6,17.498
USA,,2018,7,14.916
USA,,2018,8,13.671
USA,,2018,9,15.026
USA,,2018,10,12.577
USA,,2018,11,18.247
USA,,2018,12,13.692
USA,,2019,1,26.54
USA,,2019,2,23.239
USA,,2019,3,19.822
USA,,2019,4,20.382
USA,,2019,5,20.427
USA,,2019,6,21.616
USA,,2019,7,15.643
USA,,2019,8,16.289
USA,,2019,9,10.577
USA,,2019,10,13.146
USA,,2019,11,12.734
USA,,2019,12,16.515
USA,,2020,1,21.807
USA,,2020,2,21.656
USA,,2020,3,18.105
USA,,2020,4,20.129
USA,,2020,5,17.947
USA,,2020,6,14.402
USA,,2020,7,12.841
USA,,2020,8,9.233
USA,,2020,9,8.875
USA,,2020,10,15.344
USA,,2020,11,15.863
USA,,2020,12,11.393
USA,,2021,1,23.88
USA,,2021,2,22.859
USA,,2021,3,23.703
USA,,2021,4,20.022
USA,,2021,5,20.201
USA,,2021,6,11.239
USA,,2021,7,12.915
USA,,2021,8,11.219
USA,,2021,9,9.295
USA,,2021,10,14.286
USA,,2021,11,14.571
USA,,2021,12,15.017
USA,,2022,1,23.249
USA,,2022,2,22.944
USA,,2022,3,20.574
USA,,2022,4,22.389
USA,,2022,5,11.643
USA,,2022,6,17.727
USA,,2022,7,9.742
USA,,2022,8,15.658
USA,,2022,9,9.731
USA,,2022,10,12.451
USA,,2022,11,15.208
USA,,2022,12,15.546
USA,,2023,1,16.401
USA,,2023,2,21.97
USA,,2023,3,20.203
USA,,2023,4,24.763
USA,,2023,5,18.117
USA,,2023,6,14.573
USA,,2023,7,21.656
USA,,2023,8,15.524
USA,,2023,9,13.233
USA,,2023,10,13.24
USA,,2023,11,14.852
USA,,2023,12,20.208
VEN,,2018,1,15.591
VEN,,2018,2,16.405
VEN,,2018,3,18.382
VEN,,2018,4,22.566
VEN,,2018,5,18.528
VEN,,2018,6,15.617
VEN,,2018,7,5.378
VEN,,2018,8,14.015
VEN,,2018,9,11.02
VEN,,2018,10,5.526
VEN,,2018,11,9.496
VEN,,2018,12,10.988
VEN,,2019,1,18.349
VEN,,2019,2,19.007
VEN,,2019,3,19.789
VEN,,2019,4,17.775
VEN,,2019,5,17.413
VEN,,2019,6,12.53
VEN,,2019,7,13.503
VEN,,2019,8,5.289
VEN,,2019,9,8.652
VEN,,2019,10,9.664
VEN,,2019,11,15.765
VEN,,2019,12,18.867
VEN,,2020,1,14.047
VEN,,2020,2,22.093
VEN,,2020,3,17.582
VEN,,2020,4,20.701
VEN,,2020,5,13.827
VEN,,2020,6,10.503
VEN,,2020,7,8.483
VEN,,2020,8,6.001
VEN,,2020,9,10.675
VEN,,2020,10,10.579
VEN,,2020,11,11.308
VEN,,2020,12,12.556
VEN,,2021,1,19.279
VEN,,2021,2,19.81
VEN,,2021,3,19.99
VEN,,2021,4,12.927
VEN,,2021,5,16.193
VEN,,2021,6,12.627
VEN,,2021,7,10.121
VEN,,2021,8,12.862
VEN,,2021,9,9.395
VEN,,2021,10,10.147
VEN,,2021,11,12.622
VEN,,2021,12,15.817
VEN,,2022,1,19.693
VEN,,2022,2,17.632
VEN,,2022,3,21.472
VEN,,2022,4,16.905
VEN,,2022,5,14.061
VEN,,2022,6,8.285
VEN,,2022,7,10.375
VEN,,2022,8,5.947
VEN,,2022,9,9.834
VEN,,2022,10,8.315
VEN,,2022,11,9.688
VEN,,2022,12,11.711
VEN,,2023,1,15.906
VEN,,2023,2,17.438
VEN,,2023,3,18.417
VEN,,2023,4,16.23
VEN,,2023,5,17.394
VEN,,2023,6,13.116
VEN,,2023,7,11.16
VEN,,2023,8,11.296
VEN,,2023,9,10.436
VEN,,2023,10,12.182
VEN,,2023,11,9.456
VEN,,2023,12,18.332
VNM,,2018,1,17.163
VNM,,2018,2,20.471
VNM,,2018,3,21.043
VNM,,2018,4,16.274
VNM,,2018,5,18.94
VNM,,2018,6,14.001
VNM,,2018,7,8.497
VNM,,2018,8,13.429
VNM,,2018,9,9.327
VNM,,2018,10,12.1
VNM,,2018,11,15.273
VNM,,2018,12,13.961
VNM,,2019,1,17.147
VNM,,2019,2,19.188
VNM,,2019,3,19.771
VNM,,2019,4,20.83
VNM,,2019,5,12.498
VNM,,2019,6,12.309
VNM,,2019,7,10.983
VNM,,2019,8,10.435
VNM,,2019,9,9.284
VNM,,2019,10,11.624
VNM,,2019,11,5.53
VNM,,2019,12,15.416
VNM,,2020,1,14.968
VNM,,2020,2,19.055
VNM,,2020,3,17.468
VNM,,2020,4,21.592
VNM,,2020,5,17.09
VNM,,2020,6,11.341
VNM,,2020,7,11.09
VNM,,2020,8,9.86
VNM,,2020,9,8.795
VNM,,2020,10,9.662
VNM,,2020,11,9.268
VNM,,2020,12,13.982
VNM,,2021,1,18.126
VNM,,2021,2,17.212
VNM,,2021,3,16.464
VNM,,2021,4,17.37
VNM,,2021,5,16.833
VNM,,2021,6,14.539
VNM,,2021,7,14.709
VNM,,2021,8,11.2
VNM,,2021,9,11.512
VNM,,2021,10,4.544
VNM,,2021,11,15.149
VNM,,2021,12,10.023
VNM,,2022,1,16.43
VNM,,2022,2,19.973
VNM,,2022,3,15.705
VNM,,2022,4,17.444
VNM,,2022,5,15.642
VNM,,2022,6,14.249
VNM,,2022,7,15.749
VNM,,2022,8,11.671
VNM,,2022,9,10.379
VNM,,2022,10,8.452
VNM,,2022,11,10.546
VNM,,2022,12,10.919
VNM,,2023,1,17.45
VNM,,2023,2,23.331
VNM,,2023,3,20.872
VNM,,2023,4,19.337
VNM,,2023,5,21.699
VNM,,2023,6,12.108
VNM,,2023,7,11.209
VNM,,2023,8,5.569
VNM,,2023,9,6.5
VNM,,2023,10,9.69
VNM,,2023,11,10.058
VNM,,2023,12,13.778
ZAF,,2018,1,18.216
ZAF,,2018,2,18.975
ZAF,,2018,3,19.092
ZAF,,2018,4,25.999
ZAF,,2018,5,19.461
ZAF,,2018,6,16.475
ZAF,,2018,7,14.623
ZAF,,2018,8,17.284
ZAF,,2018,9,8.84
ZAF,,2018,10,12.71
ZAF,,2018,11,9.184
ZAF,,2018,12,15.19
ZAF,,2019,1,16.36
ZAF,,2019,2,16.69
ZAF,,2019,3,22.452
ZAF,,2019,4,16.912
ZAF,,2019,5,21.662
ZAF,,2019,6,18.258
ZAF,,2019,7,16.577
ZAF,,2019,8,12.831
ZAF,,2019,9,8.725
ZAF,,2019,10,10.905
ZAF,,2019,11,9.708
ZAF,,2019,12,15.444
ZAF,,2020,1,19.252
ZAF,,2020,2,21.636
ZAF,,2020,3,22.02
ZAF,,2020,4,19.463
ZAF,,2020,5,14.352
ZAF,,2020,6,20.602
ZAF,,2020,7,11.524
ZAF,,2020,8,14.888
ZAF,,2020,9,8.831
ZAF,,2020,10,10.905
ZAF,,2020,11,16.864
ZAF,,2020,12,17.752
ZAF,,2021,1,15.575
ZAF,,2021,2,16.921
ZAF,,2021,3,20.736
ZAF,,2021,4,20.731
ZAF,,2021,5,20.606
ZAF,,2021,6,15.178
ZAF,,2021,7,11.933
ZAF,,2021,8,12.38
ZAF,,2021,9,7.883
ZAF,,2021,10,7.981
ZAF,,2021,11,13.353
ZAF,,2021,12,11.081
ZAF,,2022,1,17.382
ZAF,,2022,2,16.741
ZAF,,2022,3,22.16
ZAF,,2022,4,16.673
ZAF,,2022,5,21.401
ZAF,,2022,6,11.329
ZAF,,2022,7,12.147
ZAF,,2022,8,7.378
ZAF,,2022,9,9.238
ZAF,,2022,10,13.655
ZAF,,2022,11,11.653
ZAF,,2022,12,12.518
ZAF,,2023,1,15.257
ZAF,,2023,2,19.147
ZAF,,2023,3,18.142
ZAF,,2023,4,21.676
ZAF,,2023,5,18.431
ZAF,,2023,6,20.219
ZAF,,2023,7,13.928
ZAF,,2023,8,11.126
ZAF,,2023,9,10.179
ZAF,,2023,10,12.801
ZAF,,2023,11,11.472
ZAF,,2023,12,12.864
ZMB,,2018,1,21.114
ZMB,,2018,2,21.676
ZMB,,2018,3,13.463
ZMB,,2018,4,15.807
ZMB,,2018,5,15.234
ZMB,,2018,6,15.83
ZMB,,2018,7,9.451
ZMB,,2018,8,4.46
ZMB,,2018,9,12.675
ZMB,,2018,10,8.363
ZMB,,2018,11,11.958
ZMB,,2018,12,9.456
ZMB,,2019,1,16.274
ZMB,,2019,2,22.019
ZMB,,2019,3,20.12
ZMB,,2019,4,18.521
ZMB,,2019,5,12.877
ZMB,,2019,6,17.346
ZMB,,2019,7,13.699
ZMB,,2019,8,5.251
ZMB,,2019,9,10.677
ZMB,,2019,10,16.374
ZMB,,2019,11,5.847
ZMB,,2019,12,12.374
ZMB,,2020,1,13.394
ZMB,,2020,2,19.364
ZMB,,2020,3,17.911
ZMB,,2020,4,17.867
ZMB,,2020,5,17.591
ZMB,,2020,6,15.171
ZMB,,2020,7,10.749
ZMB,,2020,8,7.741
ZMB,,2020,9,5.712
ZMB,,2020,10,8.406
ZMB,,2020,11,11.801
ZMB,,2020,12,10.469
ZMB,,2021,1,13.173
ZMB,,2021,2,18.68
ZMB,,2021,3,19.869
ZMB,,2021,4,14.887
ZMB,,2021,5,16.425
ZMB,,2021,6,12.928
ZMB,,2021,7,16.069
ZMB,,2021,8,9.098
ZMB,,2021,9,8.034
ZMB,,2021,10,10.838
ZMB,,2021,11,16.659
ZMB,,2021,12,10.842
ZMB,,2022,1,15.884
ZMB,,2022,2,17.549
ZMB,,2022,3,19.617
ZMB,,2022,4,14.002
ZMB,,2022,5,20.591
ZMB,,2022,6,16.118
ZMB,,2022,7,11.306
ZMB,,2022,8,7.047
ZMB,,2022,9,8.367
ZMB,,2022,10,10.381
ZMB,,2022,11,8.789
ZMB,,2022,12,10.199
ZMB,,2023,1,16.74
ZMB,,2023,2,13.8
ZMB,,2023,3,20.113
ZMB,,2023,4,18.916
ZMB,,2023,5,14.671
ZMB,,2023,6,17.011
ZMB,,2023,7,14.552
ZMB,,2023,8,6.831
ZMB,,2023,9,7.92
ZMB,,2023,10,8.85
ZMB,,2023,11,9.943
ZMB,,2023,12,18.258
ZWE,,2018,1,18.765
ZWE,,2018,2,19.699
ZWE,,2018,3,16.292
ZWE,,2018,4,17.158
ZWE,,2018,5,14.831
ZWE,,2018,6,15.336
ZWE,,2018,7,12.351
ZWE,,2018,8,5.519
ZWE,,2018,9,4.718
ZWE,,2018,10,5.387
ZWE,,2018,11,11.564
ZWE,,2018,12,15.269
ZWE,,2019,1,16.842
ZWE,,2019,2,23.209
ZWE,,2019,3,16.15
ZWE,,2019,4,20.874
ZWE,,2019,5,22.408
ZWE,,2019,6,15.838
ZWE,,2019,7,9.893
ZWE,,2019,8,4.945
ZWE,,2019,9,9.326
ZWE,,2019,10,13.077
ZWE,,2019,11,14.379
ZWE,,2019,12,16.57
ZWE,,2020,1,18.034
ZWE,,2020,2,13.602
ZWE,,2020,3,17.094
ZWE,,2020,4,22.132
ZWE,,2020,5,14.04
ZWE,,2020,6,12.119
ZWE,,2020,7,12.098
ZWE,,2020,8,8.657
ZWE,,2020,9,11.083
ZWE,,2020,10,13.885
ZWE,,2020,11,12.878
ZWE,,2020,12,15.083
ZWE,,2021,1,18.4
ZWE,,2021,2,15.833
ZWE,,2021,3,21.559
ZWE,,2021,4,15.022
ZWE,,2021,5,18.419
ZWE,,2021,6,14.895
ZWE,,2021,7,11.125
ZWE,,2021,8,9.454
ZWE,,2021,9,15.699
ZWE,,2021,10,10.931
ZWE,,2021,11,12.265
ZWE,,2021,12,15.898
ZWE,,2022,1,17.458
ZWE,,2022,2,19.336
ZWE,,2022,3,16.758
ZWE,,2022,4,15.051
ZWE,,2022,5,18.342
ZWE,,2022,6,13.953
ZWE,,2022,7,11.931
ZWE,,2022,8,11.853
ZWE,,2022,9,7.944
ZWE,,2022,10,10.396
ZWE,,2022,11,9.486
ZWE,,2022,12,11.944
ZWE,,2023,1,23.085
ZWE,,2023,2,15.819
ZWE,,2023,3,17.136
ZWE,,2023,4,21.93
ZWE,,2023,5,17.51
ZWE,,2023,6,14.729
ZWE,,2023,7,10.546
ZWE,,2023,8,9.428
ZWE,,2023,9,9.64
ZWE,,2023,10,10.863
ZWE,,2023,11,9.595
ZWE,,2023,12,9.296
